# Generated by Euphonic v1.6.1
# x_data in (millielectron_volt)
# y_data in (millibarn / millielectron_volt)
# Common metadata: {}
# Column 1: x_data
# Column 2: y_data[0] {"bank": "backward", "broadened": "no"}
# Column 3: y_data[1] {"bank": "backward", "broadened": "yes"}
# Column 4: y_data[2] {"bank": "forward", "broadened": "no"}
# Column 5: y_data[3] {"bank": "forward", "broadened": "yes"}
7.024741388126490294e-02 0.000000000000000000e+00 1.377047659097786821e-07 0.000000000000000000e+00 3.380904515766424936e-17
2.107422416437947088e-01 0.000000000000000000e+00 6.081995030206607784e-07 0.000000000000000000e+00 1.790102165815819135e-17
3.512370694063244869e-01 0.000000000000000000e+00 2.508948451550901675e-06 0.000000000000000000e+00 2.282793977528952970e-17
4.917318971688543483e-01 0.000000000000000000e+00 9.538715050655604351e-06 0.000000000000000000e+00 1.116779878429008649e-16
6.322267249313840987e-01 0.000000000000000000e+00 3.260560114301163444e-05 0.000000000000000000e+00 3.942454263732125120e-16
7.727215526939139600e-01 0.000000000000000000e+00 9.762216950384038821e-05 0.000000000000000000e+00 2.473511669214441986e-15
9.132163804564437104e-01 0.000000000000000000e+00 2.506880355373544136e-04 0.000000000000000000e+00 1.343684688995674082e-14
1.053711208218973461e+00 0.000000000000000000e+00 5.441685976107964997e-04 0.000000000000000000e+00 6.531772503117646985e-14
1.194206035981503433e+00 0.000000000000000000e+00 9.892332284409848311e-04 0.000000000000000000e+00 2.860262098918613893e-13
1.334700863744032961e+00 2.078266922969692681e-07 1.497323700058377427e-03 0.000000000000000000e+00 1.145893599903168104e-12
1.475195691506562934e+00 3.436117282680394534e-03 1.880436938364638899e-03 0.000000000000000000e+00 4.229378986278277782e-12
1.615690519269092906e+00 7.971294246308855552e-03 1.955611233337257397e-03 0.000000000000000000e+00 1.429744497449924327e-11
1.756185347031622435e+00 0.000000000000000000e+00 1.683342523443634789e-03 0.000000000000000000e+00 4.344797759083811345e-11
1.896680174794152407e+00 0.000000000000000000e+00 1.201685924429130546e-03 0.000000000000000000e+00 1.158393865695770973e-10
2.037175002556682379e+00 0.000000000000000000e+00 7.182657047389334921e-04 0.000000000000000000e+00 2.649823531008023558e-10
2.177669830319211908e+00 0.000000000000000000e+00 3.736597541041036330e-04 0.000000000000000000e+00 5.113878214818220375e-10
2.318164658081741880e+00 0.000000000000000000e+00 1.941556952948374660e-04 0.000000000000000000e+00 8.233986860885913010e-10
2.458659485844271408e+00 0.000000000000000000e+00 1.328874835284682041e-04 0.000000000000000000e+00 1.098732147686226781e-09
2.599154313606801381e+00 0.000000000000000000e+00 1.278133146909486511e-04 6.959700379378777334e-09 1.210949122404863900e-09
2.739649141369331353e+00 6.829485319689525659e-04 1.336635481761271147e-04 0.000000000000000000e+00 1.101480837302668272e-09
2.880143969131860882e+00 2.789474726920897444e-07 1.297234511426639347e-04 0.000000000000000000e+00 8.283088228438192590e-10
3.020638796894390854e+00 1.589282557193856221e-08 1.146544711720407590e-04 3.340668533808622613e-11 5.173983869070599744e-10
3.161133624656920382e+00 6.684271670335611436e-07 9.497279075845136559e-05 0.000000000000000000e+00 2.708904105882322239e-10
3.301628452419450355e+00 2.850765661938287933e-04 7.522563971166752121e-05 0.000000000000000000e+00 1.207432628426597699e-10
3.442123280181980327e+00 0.000000000000000000e+00 5.615523021904375968e-05 6.304100537927801894e-12 4.699203993744257813e-11
3.582618107944510299e+00 0.000000000000000000e+00 3.814034770531173128e-05 0.000000000000000000e+00 1.659083425563656008e-11
3.723112935707039828e+00 0.000000000000000000e+00 2.308959549974739885e-05 0.000000000000000000e+00 5.617589859818709411e-12
3.863607763469569800e+00 0.000000000000000000e+00 1.311362062176331248e-05 0.000000000000000000e+00 2.066293204829231779e-12
4.004102591232099329e+00 0.000000000000000000e+00 9.077494635780446029e-06 0.000000000000000000e+00 1.324550699718292541e-12
4.144597418994629301e+00 0.000000000000000000e+00 1.078173116843768736e-05 0.000000000000000000e+00 2.332087578368070867e-12
4.285092246757159273e+00 0.000000000000000000e+00 1.752900386441524504e-05 0.000000000000000000e+00 6.134952219524178949e-12
4.425587074519688358e+00 0.000000000000000000e+00 2.777871647503515467e-05 2.242266705388017029e-12 1.616067865666501242e-11
4.566081902282219218e+00 0.000000000000000000e+00 3.859688110708330559e-05 0.000000000000000000e+00 3.897047902416269612e-11
4.706576730044748302e+00 1.802593877003448336e-04 4.659061721622668182e-05 0.000000000000000000e+00 8.327907960930421232e-11
4.847071557807278275e+00 7.917942871186957506e-05 5.043506438864857496e-05 0.000000000000000000e+00 1.545350914028940404e-10
4.987566385569808247e+00 5.125119327427375110e-07 5.264942006837299330e-05 0.000000000000000000e+00 2.457439827873956104e-10
5.128061213332337331e+00 2.267279839266034158e-07 5.836556283132241570e-05 0.000000000000000000e+00 3.325184642206901309e-10
5.268556041094868192e+00 0.000000000000000000e+00 7.180459578321447627e-05 1.916360816082536850e-09 3.820999662616908367e-10
5.409050868857397276e+00 1.527366562330889155e-04 9.328183608466805515e-05 0.000000000000000000e+00 3.737644954029884105e-10
5.549545696619927249e+00 0.000000000000000000e+00 1.185690338835082862e-04 5.369263098055068095e-10 3.133136048433387211e-10
5.690040524382457221e+00 2.239883875573564845e-04 1.405465260078740230e-04 0.000000000000000000e+00 2.290045359658493496e-10
5.830535352144986305e+00 3.642497813666321243e-04 1.523576208048060723e-04 0.000000000000000000e+00 1.578909230492530543e-10
5.971030179907517166e+00 1.974776764944149635e-06 1.509001389705684601e-04 0.000000000000000000e+00 1.465066707626027225e-10
6.111525007670046250e+00 3.732467860050081338e-04 1.388857232877082324e-04 1.231229842062975143e-12 2.911698407413024621e-10
6.252019835432577111e+00 0.000000000000000000e+00 1.238541736276435774e-04 0.000000000000000000e+00 8.456561403682459439e-10
6.392514663195106195e+00 3.064395686896721659e-06 1.138934554262718650e-04 0.000000000000000000e+00 2.427481635269714978e-09
6.533009490957635279e+00 2.842862562492244578e-06 1.121929738002136831e-04 0.000000000000000000e+00 6.308406705347337935e-09
6.673504318720166140e+00 8.383200320075435172e-05 1.147559601620634992e-04 0.000000000000000000e+00 1.457757441624473194e-08
6.813999146482695224e+00 5.139715442230473807e-04 1.143290886948626617e-04 0.000000000000000000e+00 2.960776261974846390e-08
6.954493974245226084e+00 4.480126385541071497e-09 1.080221687934733698e-04 0.000000000000000000e+00 5.220646019059176240e-08
7.094988802007755169e+00 5.431929004590199722e-08 1.020758831781507983e-04 1.784452216173495085e-11 7.899955641357997983e-08
7.235483629770284253e+00 6.782860127272156883e-05 1.100580691298326048e-04 0.000000000000000000e+00 1.016730047119586558e-07
7.375978457532815113e+00 0.000000000000000000e+00 1.462047110009499675e-04 6.845167922539363492e-07 1.106864899280034634e-07
7.516473285295344198e+00 1.293837325081625582e-06 2.170986161297886147e-04 2.905320034546524971e-13 1.017804603679307470e-07
7.656968113057875058e+00 2.425379222424989541e-05 3.151978975060143028e-04 3.834614073537392090e-13 7.933286182117406214e-08
7.797462940820404143e+00 4.697745891515363921e-07 4.216024942598713457e-04 3.667306160504925845e-12 5.306538665346625474e-08
7.937957768582934115e+00 2.430506105456633256e-03 5.245757164707565276e-04 0.000000000000000000e+00 3.158379043747671415e-08
8.078452596345464087e+00 6.141191422315967190e-05 6.440070121140238028e-04 0.000000000000000000e+00 1.865875433984434509e-08
8.218947424107994948e+00 1.782980392929696468e-07 8.332375008472882490e-04 0.000000000000000000e+00 1.387810150743190631e-08
8.359442251870522256e+00 5.285474094010199853e-06 1.138199043105830649e-03 7.866922282212855155e-10 1.507320720126437394e-08
8.499937079633053116e+00 1.468370006622636589e-06 1.535376076757099780e-03 1.464410124663895042e-08 2.008450065201625737e-08
8.640431907395583977e+00 3.092712038789498968e-06 1.908126290623708265e-03 5.305538075266739349e-09 2.762533823197699541e-08
8.780926735158113061e+00 1.183317240652178789e-02 2.104667015150272266e-03 1.121688575228831668e-07 3.783815024396366618e-08
8.921421562920642145e+00 1.637044684216614615e-04 2.044536772626938999e-03 4.865479699967122613e-11 5.227295571587531159e-08
9.061916390683173006e+00 2.436542849466535616e-04 1.781100019682240517e-03 5.849459934518307503e-10 7.247171128473660955e-08
9.202411218445702090e+00 1.750796822087754634e-03 1.468659210687861018e-03 2.647474109427504644e-09 9.817201175545877347e-08
9.342906046208231174e+00 2.022096528298755912e-10 1.278830376317124061e-03 1.273824837620009910e-08 1.302220239155788672e-07
9.483400873970762035e+00 3.301126514668649100e-04 1.338571213195243782e-03 7.111626452527726139e-07 1.876901749229187657e-07
9.623895701733292896e+00 3.007631781961393249e-10 1.706084856232216061e-03 7.711609918672796217e-09 3.539930882692505853e-07
9.764390529495820203e+00 9.148196087486385039e-04 2.358012383621408119e-03 0.000000000000000000e+00 8.769498795458292080e-07
9.904885357258351064e+00 7.423579514557272687e-04 3.180411997614087868e-03 0.000000000000000000e+00 2.355400936987839405e-06
1.004538018502088192e+01 9.393304847923647852e-03 3.990959096768026404e-03 1.262496792826481538e-07 6.013043631619586230e-06
1.018587501278341101e+01 7.595501543183067264e-04 4.619609841778502153e-03 0.000000000000000000e+00 1.393163003684169903e-05
1.032636984054594009e+01 1.509576568179473409e-02 5.036512533894287220e-03 2.108255607269752418e-08 2.889316616132507192e-05
1.046686466830847095e+01 3.760023979454401189e-03 5.464650265220104275e-03 9.239017141761691202e-07 5.336535580221581662e-05
1.060735949607100004e+01 2.628444653485266646e-06 6.384278209648208691e-03 1.450130257589862788e-08 8.757075206058735249e-05
1.074785432383352912e+01 3.303708638411097676e-03 8.358622558164009383e-03 9.916362976382281738e-08 1.276655475897786748e-04
1.088834915159605998e+01 1.577053171101824467e-03 1.169687508084796441e-02 3.318704636743779785e-04 1.659631130165661135e-04
1.102884397935859084e+01 1.990171014203795106e-08 1.610979749135230815e-02 2.880871778388775979e-04 1.943321966506651754e-04
1.116933880712111815e+01 3.913800419868429352e-03 2.063846034417420386e-02 5.088743336277487799e-04 2.092173198887462015e-04
1.130983363488364901e+01 9.506537781327911718e-02 2.405915113404756556e-02 3.555033307904533001e-06 2.145951145830458657e-04
1.145032846264617987e+01 3.041233564866621317e-02 2.557108663128026399e-02 2.054111908498767981e-04 2.201964271633738500e-04
1.159082329040870896e+01 6.361023710908259715e-03 2.520272014577596906e-02 1.239675132770378437e-04 2.358204400811592875e-04
1.173131811817123804e+01 2.330751103954061335e-02 2.357654184570829453e-02 7.212370548502549801e-07 2.653291836376415178e-04
1.187181294593376890e+01 1.174489972016506262e-03 2.132813391083522234e-02 4.864067110929135474e-04 3.041320378149198504e-04
1.201230777369629976e+01 6.442548459469880917e-02 1.877707212959403224e-02 6.119124733254335281e-08 3.423032177325672381e-04
1.215280260145882707e+01 2.578209240207849644e-05 1.604477387216243431e-02 1.347169916839244122e-03 3.726152882006972711e-04
1.229329742922135793e+01 1.726816959434433751e-03 1.330159267212740505e-02 2.440713931820742753e-05 3.992456947058391908e-04
1.243379225698388879e+01 1.643748293798258028e-02 1.082763231971206781e-02 4.023242430751961668e-04 4.412598199404047417e-04
1.257428708474641788e+01 3.347049846947732533e-06 8.930512840110864381e-03 4.488284530636188274e-05 5.280139981422874926e-04
1.271478191250894696e+01 1.410657776325511918e-02 7.939197028195092362e-03 3.239604267302395048e-04 6.896094159586605181e-04
1.285527674027147782e+01 1.357418265063237411e-03 8.352696446818613091e-03 1.533960038186022335e-04 9.488116706390592936e-04
1.299577156803400690e+01 1.149694150709916702e-03 1.105355835574158181e-02 1.026912394014770948e-03 1.318119087539749729e-03
1.313626639579653599e+01 1.143239467866376822e-03 1.747815547535363015e-02 2.010735315784609005e-03 1.799202150709311530e-03
1.327676122355906685e+01 3.401127938369402463e-03 2.964401488027613302e-02 2.136625651593518360e-03 2.378359561556393428e-03
1.341725605132159771e+01 1.091446049686435084e-02 4.981382435133626524e-02 4.070217202872766326e-04 3.017495083741539991e-03
1.355775087908412502e+01 6.108195331736948619e-02 7.945750388101656403e-02 3.617509255812573037e-03 3.652293824701588736e-03
1.369824570684665588e+01 1.663843717597343445e-03 1.174747004287947233e-01 9.757903945087435457e-03 4.211589941077347951e-03
1.383874053460918674e+01 1.248752016658519620e-01 1.585595913296182768e-01 2.771859352163665632e-03 4.654446866833048500e-03
1.397923536237171582e+01 6.960801424935574543e-03 1.934251813046162227e-01 4.944844907392392450e-03 5.000704004287204185e-03
1.411973019013424491e+01 8.374377171100183537e-01 2.119940799278946242e-01 6.969870076547532607e-03 5.331624714252568634e-03
1.426022501789677577e+01 3.960152889002991894e-01 2.083074299437511767e-01 4.435082332632394632e-03 5.758853412023347274e-03
1.440071984565930485e+01 4.531361545487008063e-02 1.838375823067616988e-01 1.095685748001990530e-03 6.379566194755406823e-03
1.454121467342183394e+01 8.404706366270477125e-02 1.466598536832936506e-01 7.647599474673307321e-03 7.239971171231835562e-03
1.468170950118436480e+01 7.713331865375176732e-02 1.071896350188473457e-01 1.086396354521726622e-02 8.321423276292767846e-03
1.482220432894689566e+01 4.704335724815129384e-03 7.364879639543987777e-02 5.965388071330024640e-03 9.551723441559956812e-03
1.496269915670942297e+01 4.122914514211536725e-04 4.987153502627547641e-02 8.789281032450572961e-03 1.083535131431109973e-02
1.510319398447195383e+01 9.338322403671826463e-03 3.572316873412147847e-02 1.649460044306642198e-02 1.209063684806477648e-02
1.524368881223448469e+01 3.703205959715678147e-02 2.880628053336329458e-02 1.900712886512782862e-02 1.327569132683659517e-02
1.538418363999701377e+01 5.819871091374098263e-06 2.613388239096939639e-02 8.990346897659007644e-03 1.438589098427253340e-02
1.552467846775954285e+01 6.925212036296744811e-02 2.519924241218557057e-02 6.089420788322036024e-03 1.542707655130739174e-02
1.566517329552207372e+01 2.446834998049289556e-02 2.443366661356189545e-02 2.970659171029087220e-02 1.639704504452276640e-02
1.580566812328460458e+01 1.884819496222937775e-03 2.323367542046218120e-02 1.542991642535557900e-02 1.730468886016742203e-02
1.594616295104713188e+01 3.969391568652770597e-02 2.175966853635370388e-02 1.850398994052985385e-02 1.821208584736102448e-02
1.608665777880966274e+01 2.176184653272870972e-02 2.066905348579563262e-02 1.842297055199121000e-02 1.924659342390722810e-02
1.622715260657219360e+01 6.848241793500995517e-03 2.084683363091515904e-02 1.649719802490413195e-02 2.054529632581311716e-02
1.636764743433472091e+01 6.595053518996310364e-03 2.309652987808142460e-02 1.131685010295790418e-02 2.215182859073130603e-02
1.650814226209725177e+01 6.957788071963168187e-04 2.777049167713799976e-02 3.651015714047686767e-02 2.393387007068227892e-02
1.664863708985978263e+01 2.757030828033897943e-02 3.446330763515455947e-02 1.740056067262562081e-02 2.559423357636423160e-02
1.678913191762231349e+01 1.601800484721044998e-02 4.201124998344136358e-02 2.228086671976720404e-02 2.680791630157559197e-02
1.692962674538484080e+01 1.016263097764093098e-01 4.894877459174010875e-02 6.581325436773242943e-02 2.744334740544318932e-02
1.707012157314737166e+01 9.107419468071618895e-02 5.425512676154522346e-02 2.080180110742090027e-02 2.774685134711571063e-02
1.721061640090989897e+01 8.052160596425050887e-02 5.791918273758003832e-02 1.198881019275687375e-02 2.834273493293468574e-02
1.735111122867242983e+01 3.096759681255970356e-02 6.088747528575130796e-02 1.891001272561169261e-02 2.997528306495740938e-02
1.749160605643496069e+01 9.976190356023695999e-03 6.440739338927464752e-02 2.876522936785897919e-02 3.307212353504242197e-02
1.763210088419749155e+01 1.170909271013501236e-02 6.926348107291578626e-02 8.949729782866438360e-03 3.735485618796814677e-02
1.777259571196002241e+01 2.214457129912260347e-01 7.544350405853683661e-02 2.368814510374937787e-02 4.176449682940803348e-02
1.791309053972254972e+01 9.758856407847370240e-03 8.233079280014329870e-02 9.657941897405750153e-02 4.483796639776402998e-02
1.805358536748508058e+01 5.655790894338204311e-02 8.909871544031311430e-02 1.160910774342408247e-01 4.539062053660576634e-02
1.819408019524760789e+01 1.130974940681684776e-01 9.499549548361056750e-02 2.026878509875545617e-02 4.310910331312522992e-02
1.833457502301013875e+01 1.753519617879624182e-01 9.948392907559769349e-02 3.994398150808028264e-02 3.867887451439315505e-02
1.847506985077266961e+01 6.266855110459941536e-02 1.023135618811468889e-01 1.785512403712450138e-02 3.339446904915568948e-02
1.861556467853520047e+01 1.268134897429613606e-01 1.034952609967458581e-01 2.453250187543361965e-02 2.855588071198137887e-02
1.875605950629773133e+01 7.660440180628289020e-02 1.031203159875643677e-01 5.986654802645685267e-03 2.503670927752814357e-02
1.889655433406025864e+01 1.162105993146994865e-01 1.011370759622335080e-01 2.153171626212984149e-02 2.319733096524380367e-02
1.903704916182278950e+01 1.055107439223196414e-01 9.732229769798424190e-02 2.393245255384775574e-02 2.304210410511249238e-02
1.917754398958531681e+01 1.319283904156486054e-01 9.154095136487826190e-02 2.221613475529708726e-02 2.440067347199274470e-02
1.931803881734784767e+01 1.113463447630270164e-01 8.410463207182973522e-02 9.580011057284718023e-03 2.698912869254789515e-02
1.945853364511037853e+01 4.209742593924547388e-02 7.592676829414747586e-02 7.911488506832431433e-03 3.037205672033239587e-02
1.959902847287290939e+01 4.698556021713606867e-02 6.834931088219152462e-02 6.418588455935009263e-02 3.395305601775212151e-02
1.973952330063543670e+01 4.405632972655876278e-02 6.277486603299631263e-02 3.592400423315107727e-02 3.708293034129980098e-02
1.988001812839796756e+01 7.646449560175673510e-02 6.030440345490303139e-02 7.325051892905384832e-02 3.924562747468187535e-02
2.002051295616049842e+01 2.906384453249456074e-02 6.144295439650605123e-02 7.824791165929007725e-03 4.020793277730992654e-02
2.016100778392302573e+01 6.032092170241308213e-03 6.585167214063473995e-02 5.712060413004777654e-02 4.006816037652977808e-02
2.030150261168555659e+01 4.929233973316891199e-02 7.225327023331752641e-02 5.823799678284571207e-02 3.922091225841327355e-02
2.044199743944808745e+01 1.074382595875384150e-01 7.873711065802101172e-02 3.715150132219668944e-02 3.825847152106312543e-02
2.058249226721061831e+01 1.816787940063091800e-01 8.354194983396513730e-02 2.023925674877194436e-02 3.778951592923975727e-02
2.072298709497314562e+01 1.136314425550106755e-01 8.595694197223549549e-02 6.818420138786376004e-03 3.819068479744807537e-02
2.086348192273567648e+01 6.948585647612821881e-02 8.671810567829967009e-02 2.971455054674211962e-02 3.941332454808380709e-02
2.100397675049820378e+01 3.518058628574270014e-02 8.753820445300078412e-02 7.124885874157448062e-02 4.099759226957876840e-02
2.114447157826073465e+01 5.175868963602195394e-02 9.002076551933962945e-02 6.628970918397807111e-02 4.231492500717249500e-02
2.128496640602326551e+01 6.181630584133841755e-02 9.465059867273994954e-02 1.301733951602834782e-02 4.288554348628029200e-02
2.142546123378579637e+01 1.234321715854420493e-01 1.004827042667267301e-01 7.014116056573473090e-02 4.257577081385910400e-02
2.156595606154832723e+01 1.082109075283884114e-01 1.056772040329078816e-01 4.700413142789108129e-02 4.158906001115739853e-02
2.170645088931085454e+01 1.996015505166417459e-01 1.085123900133604657e-01 3.197342985390078801e-02 4.029795909576006085e-02
2.184694571707338540e+01 1.468707149122401301e-01 1.082551135981258267e-01 2.250434945398913436e-02 3.902740726646809072e-02
2.198744054483591270e+01 7.789129081584568459e-02 1.053921170923804024e-01 3.068858759520435089e-02 3.789948413199259458e-02
2.212793537259844356e+01 6.696518181755914401e-02 1.011488458139317564e-01 5.674179394751265038e-02 3.681171284189321824e-02
2.226843020036097442e+01 8.628541636131875636e-02 9.668598386487738117e-02 3.888383635685931788e-02 3.554731827984627945e-02
2.240892502812350529e+01 4.949229286252974924e-02 9.254434788109297538e-02 3.303038554247521991e-02 3.393567744524302737e-02
2.254941985588603259e+01 1.748584772709828872e-01 8.866458699576722224e-02 3.940344394442669984e-02 3.195750140564188740e-02
2.268991468364856345e+01 1.031513174158382173e-01 8.484227717444638162e-02 2.171910195544068597e-02 2.974278059735823571e-02
2.283040951141109431e+01 9.758281163898764946e-03 8.117909243927404206e-02 3.088560178308521684e-02 2.748671258425429420e-02
2.297090433917362162e+01 1.260718581227288082e-01 7.817245581428568235e-02 2.213007563947380282e-02 2.534799926638411222e-02
2.311139916693615248e+01 3.792956800918317189e-02 7.641994822549512401e-02 1.615950663060744183e-02 2.338676225959428548e-02
2.325189399469868334e+01 4.831130484434978389e-02 7.620231976790613204e-02 1.734205071689944727e-02 2.157118790184014978e-02
2.339238882246121420e+01 2.586898517059806751e-02 7.726267555350850580e-02 3.736359664018608362e-02 1.984633966042332817e-02
2.353288365022374151e+01 1.831187200919670854e-01 7.893330221341454678e-02 1.969514931422331611e-02 1.821986081272278582e-02
2.367337847798627237e+01 5.409281942930553588e-02 8.051304686288592027e-02 5.792677310800906261e-03 1.680022656597472339e-02
2.381387330574880323e+01 9.401155440048385159e-02 8.163784537922300077e-02 1.445005931098760146e-02 1.575152241599866304e-02
2.395436813351133054e+01 6.943945681440504003e-02 8.242417507349145134e-02 4.560105029951459776e-03 1.519337925402856372e-02
2.409486296127386140e+01 6.561243353588565308e-02 8.334978063439245355e-02 7.742564670909731807e-03 1.512131756166700501e-02
2.423535778903639226e+01 1.305891618393286713e-01 8.499741160508615667e-02 2.632774183524529826e-02 1.540671701425838126e-02
2.437585261679892312e+01 1.815255928602133029e-02 8.781827079345971843e-02 1.842705749687270286e-02 1.587028720156263145e-02
2.451634744456145043e+01 8.259083931849718618e-02 9.201453304335023564e-02 1.865664603480033171e-02 1.636739112381553965e-02
2.465684227232398129e+01 1.070627711285217221e-01 9.756685636784630244e-02 9.933000594478944359e-03 1.682563196178401763e-02
2.479733710008650860e+01 1.311910131236620758e-01 1.043460544687801056e-01 1.733475075670332100e-02 1.722692937610679001e-02
2.493783192784903946e+01 1.106291335038754320e-01 1.121631100895189581e-01 1.297051545510472664e-02 1.757417747743872730e-02
2.507832675561157032e+01 6.037747252203221060e-02 1.206316417775787214e-01 3.425183102511517724e-02 1.788139885185576622e-02
2.521882158337410118e+01 1.417889390937040750e-01 1.289070675612543626e-01 1.212106896968270960e-02 1.818492611634451445e-02
2.535931641113663204e+01 8.216937401205179348e-02 1.355883723315196576e-01 1.680442696039579839e-02 1.854187575816810402e-02
2.549981123889915935e+01 2.312277473307315645e-01 1.390608552252378671e-01 1.066714652943554290e-02 1.899559407915400733e-02
2.564030606666169021e+01 2.776903009620944607e-01 1.382346759557737115e-01 1.883792943372740100e-02 1.952775981616099860e-02
2.578080089442421752e+01 1.516570862727915359e-01 1.332431407535934753e-01 2.641498841052799390e-02 2.003729182327357305e-02
2.592129572218674838e+01 6.146477812025435278e-02 1.255837564705907794e-01 1.883032597224671909e-02 2.036644400172935715e-02
2.606179054994927924e+01 1.038336473309611901e-01 1.175317292952461484e-01 3.012079149751115126e-02 2.035793892871752553e-02
2.620228537771181010e+01 5.577248118484884332e-02 1.111496481728061758e-01 2.020746569510569607e-02 1.990958007600561464e-02
2.634278020547433741e+01 6.576806659477088535e-02 1.074607331563764423e-01 1.867926723869893155e-02 1.900425457118996159e-02
2.648327503323686827e+01 8.328437759962166453e-02 1.062037447900530396e-01 2.305178810051448576e-02 1.771403429754542930e-02
2.662376986099939913e+01 1.757615044119864023e-01 1.062191085161093423e-01 2.083977254309577268e-02 1.618567951897916316e-02
2.676426468876192644e+01 8.206091658315951831e-02 1.061877879400477259e-01 1.183115006057147353e-02 1.461060155001390332e-02
2.690475951652445730e+01 1.977649705055615492e-01 1.053080619108019700e-01 4.199947396846554631e-03 1.318048505853334010e-02
2.704525434428698816e+01 9.917550434784229429e-02 1.035799965825663083e-01 1.016832376872228716e-02 1.203856752070951545e-02
2.718574917204951902e+01 2.422657119922234231e-02 1.016205560958347159e-01 1.012660416565114817e-02 1.124622302707994383e-02
2.732624399981204633e+01 6.766429503950636970e-02 1.002156619857023506e-01 9.407283412287368099e-03 1.078098135432275194e-02
2.746673882757457719e+01 1.253042648757146105e-01 9.994096237104707625e-02 7.969130452342914478e-03 1.056561089776298333e-02
2.760723365533710805e+01 1.416948323551415478e-01 1.010568079415802845e-01 1.354454948190647601e-02 1.051144497476440461e-02
2.774772848309963535e+01 6.684261927039300555e-02 1.036232496921925123e-01 1.484547773132683171e-02 1.055353844905012814e-02
2.788822331086216622e+01 7.195098512252476319e-02 1.076235177928796527e-01 6.879731152384537321e-03 1.066200738944779632e-02
2.802871813862469708e+01 1.270280686768405221e-01 1.129449835028816518e-01 8.123943623897122990e-03 1.082883759681767602e-02
2.816921296638722794e+01 1.107592365054128336e-01 1.192442745976066559e-01 6.644853945327732804e-03 1.104480779987144883e-02
2.830970779414975524e+01 1.134011921115199856e-01 1.258462631999706927e-01 1.643491248160418999e-02 1.128652982271753126e-02
2.845020262191228611e+01 7.495559578993264693e-02 1.318197336238642603e-01 1.622464607384337121e-02 1.152370146826687571e-02
2.859069744967481341e+01 2.525602867489967207e-01 1.362624812162087085e-01 5.470690386251967317e-03 1.173950420502005085e-02
2.873119227743734427e+01 2.055461477460734376e-01 1.386797097468895901e-01 1.757432745817848196e-02 1.194777070047556809e-02
2.887168710519987513e+01 9.462759961644245932e-02 1.392407839963349936e-01 8.634792785105815938e-03 1.219556202326511733e-02
2.901218193296240599e+01 1.344823867889173019e-01 1.387384813803344830e-01 1.252188735536318223e-02 1.255163763551776605e-02
2.915267676072493686e+01 1.091961077686477849e-01 1.382471635746617966e-01 1.008231413333903793e-02 1.308907437829855656e-02
2.929317158848746416e+01 1.477925568635109765e-01 1.386555425911197570e-01 1.277610391806380426e-02 1.387058879808985082e-02
2.943366641624999502e+01 9.155340870671334341e-02 1.403068395206066576e-01 1.301999045801347302e-02 1.494137984963857073e-02
2.957416124401252233e+01 1.191885566136907382e-01 1.429027234489375908e-01 1.310723103098926541e-02 1.633006383687271232e-02
2.971465607177505319e+01 1.722080122904052768e-01 1.456951932259323845e-01 1.516877596420955314e-02 1.805429631009548494e-02
2.985515089953758405e+01 2.212894586251371309e-01 1.478689331906675175e-01 2.504936350436370168e-02 2.012449579460847543e-02
2.999564572730011491e+01 1.039609651533594942e-01 1.489361566507118595e-01 1.888083347018596619e-02 2.253943823740358829e-02
3.013614055506264222e+01 2.420872376835980777e-01 1.489569648280807679e-01 1.659042733309634698e-02 2.527390439990812379e-02
3.027663538282517308e+01 9.556387853585690539e-02 1.484852329912995927e-01 1.698568712720356297e-02 2.826774489092310355e-02
3.041713021058770394e+01 1.175741793580186850e-01 1.482930074772053908e-01 5.549043889820375053e-02 3.142841738826533671e-02
3.055762503835023125e+01 7.132748012913429914e-02 1.490518903814298524e-01 1.775418921835155567e-02 3.464970309853294961e-02
3.069811986611276211e+01 2.104796983855240500e-01 1.511545057913511736e-01 4.820528435614963858e-02 3.783503465990672304e-02
3.083861469387529297e+01 2.101212292009385640e-01 1.547345229063580019e-01 4.339454858638339824e-02 4.090881278675295024e-02
3.097910952163782383e+01 8.685711339216614646e-02 1.597894895612081423e-01 3.698618732846676443e-02 4.380897919461721607e-02
3.111960434940035114e+01 1.579252427771333234e-01 1.662542265115753426e-01 4.305400912402870817e-02 4.646984226420157460e-02
3.126009917716288200e+01 1.416404854615764541e-01 1.739504033704729336e-01 5.771123321983124416e-02 4.881162190332857115e-02
3.140059400492541286e+01 2.158029644330053398e-01 1.824672493747051538e-01 6.448266603302189870e-02 5.074708393819436086e-02
3.154108883268794017e+01 1.869938456654046122e-01 1.910990750454901466e-01 3.506500171004736655e-02 5.220287380533167321e-02
3.168158366045047103e+01 1.424449654333982407e-01 1.989383958655993878e-01 7.379375063432778992e-02 5.314448702355427379e-02
3.182207848821300189e+01 2.339599427314264235e-01 2.051325743448936811e-01 4.795658345289117303e-02 5.359369872455330142e-02
3.196257331597553275e+01 3.847530391531653882e-01 2.092088222238922268e-01 6.424691625478337609e-02 5.363228297356241459e-02
3.210306814373805651e+01 1.496055563854541415e-01 2.113042674237987917e-01 5.177250670194744053e-02 5.339120986734437191e-02
3.224356297150059447e+01 2.127755287368417181e-01 2.121500555127220078e-01 4.476863958331991911e-02 5.302904656770381087e-02
3.238405779926311823e+01 1.786740284558226977e-01 2.127686524722747219e-01 5.678679378090165097e-02 5.270732946534235214e-02
3.252455262702565619e+01 2.051672093821587106e-01 2.140025367250535659e-01 4.917925793214144442e-02 5.257239277824159868e-02
3.266504745478817995e+01 1.347813637289508315e-01 2.161008790865251439e-01 4.750449733023523469e-02 5.274982631534551325e-02
3.280554228255070370e+01 2.092355701793084943e-01 2.185731945383772856e-01 5.185112162829456917e-02 5.334986168893360997e-02
3.294603711031324167e+01 2.964813144563231972e-01 2.203830503385765804e-01 6.020318031587520297e-02 5.447413384270226311e-02
3.308653193807576542e+01 3.044845528546678004e-01 2.203827013565605453e-01 4.492513245263887040e-02 5.621176152126160924e-02
3.322702676583830339e+01 1.562109103035104474e-01 2.177787171282523360e-01 4.441037462480439124e-02 5.861770057826651975e-02
3.336752159360082715e+01 3.421839195806437028e-01 2.124239683652607846e-01 6.738548620664312760e-02 6.167676388615300764e-02
3.350801642136336511e+01 1.526873496191728796e-01 2.048381906574047728e-01 5.714349655697864572e-02 6.526788249401195563e-02
3.364851124912588887e+01 1.713543959526624971e-01 1.959985816116381618e-01 6.275179331218085077e-02 6.914981207080138359e-02
3.378900607688841262e+01 1.894283445880098893e-01 1.870342884632448799e-01 6.643065674313897162e-02 7.298672556358634655e-02
3.392950090465095059e+01 1.412862028092209954e-01 1.789624922753101643e-01 9.811836539005340529e-02 7.641730670069225850e-02
3.406999573241347434e+01 1.949517264799905114e-01 1.725361123256731744e-01 7.782815413539624638e-02 7.914758973956353971e-02
3.421049056017601231e+01 1.782284785548795547e-01 1.681917534210836118e-01 1.149752413712002291e-01 8.102852739976237895e-02
3.435098538793853606e+01 6.966918600012030061e-02 1.660461776608691542e-01 1.002611030891725624e-01 8.208057471573086683e-02
3.449148021570106692e+01 2.048283184881932728e-01 1.659041756852507044e-01 4.756805248992818785e-02 8.245530916451386527e-02
3.463197504346359779e+01 1.036769143453463021e-01 1.672799564448322618e-01 7.093911513857537043e-02 8.236243970370978051e-02
3.477246987122612154e+01 2.019948392601415288e-01 1.694562155280337767e-01 6.388380922810268925e-02 8.200998988153773706e-02
3.491296469898865951e+01 2.172470900169521935e-01 1.715941045722914893e-01 1.620927897315434241e-01 8.158838092198342218e-02
3.505345952675118326e+01 1.566715246374304482e-01 1.728810210257575031e-01 5.268676396606144369e-02 8.128906804603605596e-02
3.519395435451372123e+01 1.761430997549759681e-01 1.726862454098030408e-01 5.248976505726194591e-02 8.131978888556061491e-02
3.533444918227624498e+01 1.699551394702912832e-01 1.706921333946967712e-01 8.358457568009571015e-02 8.188464104804575594e-02
3.547494401003877584e+01 2.459831905204430957e-01 1.669696492675938060e-01 7.220058936370785108e-02 8.312893409038742132e-02
3.561543883780130670e+01 1.992816352045707895e-01 1.619683539046385401e-01 7.654866146198743837e-02 8.507653102022941227e-02
3.575593366556383046e+01 1.027733377624857058e-01 1.564062828750512057e-01 9.955082416492640196e-02 8.759189132993878968e-02
3.589642849332636843e+01 9.319905355818978998e-02 1.510834732459698238e-01 7.657298690498871852e-02 9.038587794521117658e-02
3.603692332108889218e+01 1.362989466257402693e-01 1.466852379091158620e-01 9.790990966815572849e-02 9.306994389394947220e-02
3.617741814885143015e+01 1.856555634139903654e-01 1.436516144088286484e-01 7.626877493257441798e-02 9.525282001382186226e-02
3.631791297661395390e+01 9.669089162360912371e-02 1.421525627940857794e-01 1.407666072770547006e-01 9.665953125952531089e-02
3.645840780437648476e+01 1.650480566828017581e-01 1.421502606850086059e-01 1.251039057156809742e-01 9.723214415354174134e-02
3.659890263213901562e+01 1.043350899467327120e-01 1.434934205652529382e-01 1.209408774391745323e-01 9.716112369280312244e-02
3.673939745990153938e+01 1.389513850581147736e-01 1.459934594726881030e-01 5.541198744430372164e-02 9.681734443412919056e-02
3.687989228766407734e+01 1.531425839432340730e-01 1.494615140363697026e-01 7.215949823195198787e-02 9.660771261635886509e-02
3.702038711542660110e+01 1.794827690276053211e-01 1.537099456563894018e-01 7.909731823699664433e-02 9.682920227525546042e-02
3.716088194318913906e+01 1.131822422886166468e-01 1.585311800267095450e-01 9.373377969891527606e-02 9.760389501219915442e-02
3.730137677095166282e+01 1.976574622407370752e-01 1.636693369499467310e-01 1.166142492702192945e-01 9.892705933410754493e-02
3.744187159871419368e+01 1.045385971097195082e-01 1.688043102747489033e-01 1.409694618743381755e-01 1.007837222550884149e-01
3.758236642647672454e+01 2.293798817549247970e-01 1.735680116386258132e-01 9.942858129334077033e-02 1.032425411945967764e-01
3.772286125423924830e+01 1.745140948714629658e-01 1.775983962712824049e-01 4.929460870651101306e-02 1.064534417250510290e-01
3.786335608200178626e+01 2.173727014082495190e-01 1.806122554417049775e-01 1.085346443952258239e-01 1.105428164416936837e-01
3.800385090976431002e+01 1.797628403882015335e-01 1.824617357042787602e-01 6.532544398425518817e-02 1.154677929637452360e-01
3.814434573752684798e+01 1.994994779394776707e-01 1.831484421548369990e-01 1.892684879413981391e-01 1.209162805811853231e-01
3.828484056528937174e+01 1.642650347737942829e-01 1.827974831953835533e-01 9.345704189256215377e-02 1.263151325760420163e-01
3.842533539305189549e+01 1.652093132032145528e-01 1.816173801323117121e-01 1.000232512664856743e-01 1.309582224368072700e-01
3.856583022081443346e+01 2.255607075605397249e-01 1.798698505798405622e-01 2.132724173241506149e-01 1.342166850277279333e-01
3.870632504857695722e+01 1.974800289239767581e-01 1.778504428833112827e-01 1.749288442088587081e-01 1.357591346591442705e-01
3.884681987633949518e+01 1.714815558882816227e-01 1.758621991962457942e-01 1.326625190163721046e-01 1.356968405098583907e-01
3.898731470410201894e+01 8.744016868793037800e-02 1.741700288165123900e-01 2.006246992426504172e-01 1.345864226768380689e-01
3.912780953186455690e+01 2.325436490713465032e-01 1.729467465074035482e-01 7.211955943606616903e-02 1.332753828128452889e-01
3.926830435962708066e+01 1.016127349146995623e-01 1.722370785660511661e-01 7.856574298548821278e-02 1.326473334909050172e-01
3.940879918738960441e+01 2.650844451687711101e-01 1.719572617784555779e-01 7.982954557215270197e-02 1.333748083522806327e-01
3.954929401515214238e+01 1.496964702471143271e-01 1.719260567018774666e-01 1.572116974642586984e-01 1.357814837831268495e-01
3.968978884291466613e+01 1.153273713617770091e-01 1.719116293008066676e-01 1.931048385908085974e-01 1.398515973848140637e-01
3.983028367067720410e+01 1.943002665385994143e-01 1.716854107604602331e-01 6.824550660276283709e-02 1.453433564413907086e-01
3.997077849843972785e+01 1.584259934052889007e-01 1.710826212413592562e-01 1.697497951973116759e-01 1.519184649575619217e-01
4.011127332620226582e+01 2.742921088822761200e-01 1.700623966620728178e-01 1.822603875695928410e-01 1.592167872861327549e-01
4.025176815396478958e+01 1.368284900867785259e-01 1.687439063974125464e-01 1.397318690482945436e-01 1.668643597455869432e-01
4.039226298172731333e+01 1.256234865076205631e-01 1.673912541512730112e-01 1.350415060688354152e-01 1.744583970381750615e-01
4.053275780948985130e+01 1.483596394540661889e-01 1.663411277116029208e-01 2.149269190865455981e-01 1.815854892326842496e-01
4.067325263725237505e+01 1.865242008320257827e-01 1.658985597280934476e-01 1.885829329335550752e-01 1.878919837180093311e-01
4.081374746501491302e+01 1.613806427801590393e-01 1.662427937674654521e-01 2.983768657642116295e-01 1.931677849868067287e-01
4.095424229277743677e+01 1.378010961217209507e-01 1.673779470735151098e-01 1.853292709513501557e-01 1.973730693446588691e-01
4.109473712053997474e+01 1.763850546244358219e-01 1.691433999425709933e-01 1.294629149514443522e-01 2.005631770405787162e-01
4.123523194830249849e+01 1.480467404861655067e-01 1.712801684039592376e-01 2.501385641999316900e-01 2.027395601188782259e-01
4.137572677606502225e+01 1.682977614366135133e-01 1.735328841920708021e-01 1.059412369332511372e-01 2.037226789586464859e-01
4.151622160382756022e+01 2.461816365691742170e-01 1.757487059874049962e-01 2.847839641219057083e-01 2.031494754499298672e-01
4.165671643159008397e+01 2.007195161114091186e-01 1.779227773521888101e-01 2.046735860032464493e-01 2.006276017790000477e-01
4.179721125935262194e+01 1.404922860510855465e-01 1.801535825481913877e-01 3.396298970901452385e-01 1.959741222376991943e-01
4.193770608711514569e+01 1.367193298835218118e-01 1.825175304145844335e-01 2.057087731594032798e-01 1.894016513857745276e-01
4.207820091487767655e+01 1.498342332775199348e-01 1.849275085856462719e-01 1.280405231782548725e-01 1.815382700570165320e-01
4.221869574264020741e+01 2.080027410417182587e-01 1.870647152881888542e-01 1.292831175890796769e-01 1.732637500029064748e-01
4.235919057040273117e+01 2.408876473052596334e-01 1.884429706257910453e-01 1.104250475842776802e-01 1.654464495071745200e-01
4.249968539816526913e+01 2.027361282752900562e-01 1.885949519025660881e-01 2.162649332648744205e-01 1.587069225995226263e-01
4.264018022592779289e+01 2.084838198363172523e-01 1.873029777210766800e-01 1.384678900264563195e-01 1.533002029166029290e-01
4.278067505369033086e+01 2.261631995619510227e-01 1.847705568025908296e-01 7.993982780342384631e-02 1.491365694241574280e-01
4.292116988145285461e+01 2.062344943974526723e-01 1.816539365545746798e-01 1.912309332850674337e-01 1.459015985510921654e-01
4.306166470921538547e+01 1.463586865843072848e-01 1.789280813776085166e-01 8.403496665473236815e-02 1.432147175343427836e-01
4.320215953697791633e+01 1.093714766003127531e-01 1.776229673588862190e-01 2.526790300014994384e-01 1.407729143873646116e-01
4.334265436474044009e+01 1.326963844263948089e-01 1.785132377659569003e-01 1.326149296079370821e-01 1.384446280005245389e-01
4.348314919250297805e+01 1.911685458390585957e-01 1.818647531146836693e-01 6.860776772110484256e-02 1.362990930863855199e-01
4.362364402026550181e+01 8.820443452986147237e-02 1.873286756905815642e-01 1.320392441823977081e-01 1.345762620230090134e-01
4.376413884802803977e+01 1.610484156358158170e-01 1.940268308351525139e-01 1.582098168273239347e-01 1.336167961661072490e-01
4.390463367579056353e+01 2.845480278548921937e-01 2.008020766800205081e-01 1.529251795511613610e-01 1.337742713853398435e-01
4.404512850355309439e+01 3.445500676121676098e-01 2.065406665552726173e-01 5.255432150879869174e-02 1.353246607861111062e-01
4.418562333131562525e+01 1.787121180907704499e-01 2.104443702849937703e-01 1.526892182936219755e-01 1.383821747315673589e-01
4.432611815907814901e+01 2.108803972486489597e-01 2.121592363503717327e-01 9.625691496967969663e-02 1.428337009660670953e-01
4.446661298684068697e+01 2.222710784442416265e-01 2.117423559466591609e-01 1.510349055755019210e-01 1.483121100842461071e-01
4.460710781460321073e+01 2.119144981049056742e-01 2.095238496542748685e-01 1.580228142671989133e-01 1.542291818555843741e-01
4.474760264236574869e+01 1.888397591270349896e-01 2.059536893523778722e-01 1.539447920994981289e-01 1.598739773551583199e-01
4.488809747012827245e+01 2.584971351620301006e-01 2.014996137668513820e-01 1.808545224504046478e-01 1.645564743744778735e-01
4.502859229789079620e+01 1.909074972176547647e-01 1.966098565542328536e-01 2.595724841226439983e-01 1.677531490471237952e-01
4.516908712565333417e+01 1.909046053798078013e-01 1.917125110259909615e-01 1.736587335552581546e-01 1.692055720643894645e-01
4.530958195341585792e+01 1.238428713842972401e-01 1.872135068415189396e-01 1.730465475372083284e-01 1.689409709528503500e-01
4.545007678117839589e+01 2.120180271334669575e-01 1.834707809450265015e-01 1.485507312232922095e-01 1.672170689772021768e-01
4.559057160894091965e+01 2.040895892676228285e-01 1.807441843941576254e-01 1.483710751588966648e-01 1.644234066543042161e-01
4.573106643670345761e+01 1.343561980217193585e-01 1.791368157338129874e-01 2.237619799406154464e-01 1.609802258647529960e-01
4.587156126446598137e+01 1.245421825138613714e-01 1.785525338047005417e-01 1.217475034473574635e-01 1.572612367593316518e-01
4.601205609222850512e+01 1.716995431696368424e-01 1.786964025276376600e-01 1.440748598120219770e-01 1.535430343728194924e-01
4.615255091999104309e+01 1.963653187877853201e-01 1.791349693920216146e-01 1.623266425542302660e-01 1.499714582527049700e-01
4.629304574775356684e+01 2.262655604467172510e-01 1.794086939564989991e-01 1.465253184460234004e-01 1.465417095060204122e-01
4.643354057551610481e+01 1.921076990173117283e-01 1.791587327870338142e-01 8.762277699621501270e-02 1.431040970506098631e-01
4.657403540327862856e+01 1.978334638294594605e-01 1.782144237354791050e-01 1.106399028165648141e-01 1.394118427628923129e-01
4.671453023104116653e+01 1.820407797441651043e-01 1.766015490936246046e-01 2.609394955334952693e-01 1.352113248558616254e-01
4.685502505880369029e+01 1.698702332369834145e-01 1.744711401445245835e-01 1.500783765642768608e-01 1.303475047312035451e-01
4.699551988656621404e+01 1.223392326466987423e-01 1.719912993763043352e-01 7.719951155373683260e-02 1.248399074609856940e-01
4.713601471432875201e+01 1.481454135955272144e-01 1.692629790401470047e-01 1.549284417476467224e-01 1.188938134574357292e-01
4.727650954209127576e+01 1.838575582208794024e-01 1.663021461106276577e-01 8.482043349801932086e-02 1.128436442037850651e-01
4.741700436985381373e+01 2.545690146538086562e-01 1.630867474650385118e-01 7.082181949418496492e-02 1.070594928583606248e-01
4.755749919761633748e+01 1.439689326851561757e-01 1.596261786305717412e-01 1.361911829625198356e-01 1.018612693587775814e-01
4.769799402537887545e+01 1.382110955250525075e-01 1.560000514222237011e-01 4.499770225517001759e-02 9.747174989247882337e-02
4.783848885314139920e+01 1.312461486369210228e-01 1.523374276774350222e-01 1.092491774281296735e-01 9.401214438286790986e-02
4.797898368090392296e+01 9.802136357465013328e-02 1.487488519016084698e-01 1.154258922489207195e-01 9.152121408116666024e-02
4.811947850866646093e+01 2.522935214260599857e-01 1.452541211781588071e-01 6.270610101022341953e-02 8.997435783643661922e-02
4.825997333642898468e+01 4.836250109572298034e-02 1.417520738258788160e-01 5.674535048642888324e-02 8.929134172343343445e-02
4.840046816419152265e+01 1.048157899354743156e-01 1.380565961590607404e-01 7.084816701931589966e-02 8.933808102654185179e-02
4.854096299195404640e+01 2.233534896248469959e-01 1.339895925284548817e-01 9.864458272109327686e-02 8.993521115838738755e-02
4.868145781971657726e+01 1.803112921102500987e-01 1.294928201116364586e-01 1.091258224444286024e-01 9.087922521905354711e-02
4.882195264747910812e+01 9.728657883823801922e-02 1.247084078682262342e-01 1.323984331767389944e-01 9.196843582346245216e-02
4.896244747524163188e+01 1.386291828825791383e-01 1.199883521667685221e-01 6.291846350764354612e-02 9.301935780899887873e-02
4.910294230300416984e+01 8.894931176481422896e-02 1.158227599382053163e-01 4.633927859205631827e-02 9.386622001711379670e-02
4.924343713076669360e+01 4.687702182485523755e-02 1.127113827367460935e-01 1.342223399361986425e-01 9.435116544005764383e-02
4.938393195852923157e+01 9.485109873355832000e-02 1.110255424426725840e-01 1.076482508076546107e-01 9.432192587042058374e-02
4.952442678629175532e+01 1.284770720663278576e-01 1.109077339466440354e-01 8.207228624862275557e-02 9.364891863202302880e-02
4.966492161405428618e+01 5.506385303368822870e-02 1.122374618027499743e-01 1.193769586003015082e-01 9.225848622720884962e-02
4.980541644181681704e+01 1.396338464578446847e-01 1.146667119444490374e-01 1.195555400890554176e-01 9.016530728647199899e-02
4.994591126957934080e+01 6.542987655627204024e-02 1.177080026209153807e-01 9.293603882214773737e-02 8.748479876170349445e-02
5.008640609734187876e+01 1.536816371816879245e-01 1.208461293071024373e-01 6.640596379617319522e-02 8.441633535288313450e-02
5.022690092510440252e+01 2.086555344853691651e-01 1.236409525947541888e-01 5.036156743458598123e-02 8.120259509722176083e-02
5.036739575286694048e+01 1.274187828430124458e-01 1.257931281823214398e-01 9.829580103091418997e-02 7.807981921343612464e-02
5.050789058062946424e+01 8.082681801628188722e-02 1.271587601274632162e-01 8.915093203436405545e-02 7.523395072410059281e-02
5.064838540839199510e+01 1.438748894324700656e-01 1.277198109538718873e-01 4.498195718391449771e-02 7.277148378766171155e-02
5.078888023615452596e+01 1.248470585720169723e-01 1.275354207743691626e-01 7.408980924267061230e-02 7.070784669338772699e-02
5.092937506391704972e+01 1.344121669180466938e-01 1.267042285622816122e-01 4.349090036118959113e-02 6.897391279426946797e-02
5.106986989167958768e+01 1.281581202338507586e-01 1.253557054744145749e-01 5.010179999544697033e-02 6.744083818993197588e-02
5.121036471944211144e+01 1.414708699938505287e-01 1.236668144091822158e-01 1.013443400174763032e-01 6.596049815724480681e-02
5.135085954720464940e+01 1.526130726498385604e-01 1.218825693010575917e-01 8.846812848649295014e-02 6.441229751473352694e-02
5.149135437496717316e+01 1.185692612763192405e-01 1.203156571013185294e-01 7.259344781766415011e-02 6.274142667565654752e-02
5.163184920272970402e+01 8.017965565205815992e-02 1.193120310939207035e-01 4.175428654351918956e-02 6.097452428947786052e-02
5.177234403049223488e+01 7.336495633814087147e-02 1.191881774923102544e-01 5.028406543563380265e-02 5.920749281028039879e-02
5.191283885825475863e+01 1.131714470109446702e-01 1.201606912863583398e-01 5.167738368735395188e-02 5.757193519671265775e-02
5.205333368601729660e+01 1.517551774008163712e-01 1.222930791582410442e-01 6.221036410562372221e-02 5.619421922084427007e-02
5.219382851377982036e+01 8.027288470694629585e-02 1.254786404910779030e-01 4.261962282430181714e-02 5.516101990177329356e-02
5.233432334154235832e+01 1.005941829833392337e-01 1.294667720894437934e-01 6.180516314297820196e-02 5.449946322357012568e-02
5.247481816930488208e+01 1.470510947152084691e-01 1.339276235550230232e-01 3.237946750001888252e-02 5.417353631092784727e-02
5.261531299706740583e+01 1.458547512735311746e-01 1.385383766921783055e-01 4.845288309839944352e-02 5.409447018473222124e-02
5.275580782482994380e+01 1.574137874523965364e-01 1.430645019462363499e-01 6.476907462918897462e-02 5.414127237966072370e-02
5.289630265259246755e+01 2.102447006040021049e-01 1.474048766820341139e-01 5.931099242414197142e-02 5.418677078723042190e-02
5.303679748035500552e+01 1.662460060470531409e-01 1.515767275783870272e-01 6.411623649683781401e-02 5.412354700610048225e-02
5.317729230811752927e+01 1.410749315290170114e-01 1.556380266403213641e-01 5.050569852086374267e-02 5.388371384832607580e-02
5.331778713588006724e+01 8.044052797083507678e-02 1.595753396263733803e-01 6.709232206753934502e-02 5.344778660040550716e-02
5.345828196364259099e+01 1.173890797822848414e-01 1.632093031077325451e-01 4.186240737077575463e-02 5.284103762186103531e-02
5.359877679140511475e+01 1.724418783387627607e-01 1.661717301417562909e-01 5.453005172640712495e-02 5.211951330945401722e-02
5.373927161916765272e+01 1.787911333693808502e-01 1.679814057025371954e-01 5.677735545329032352e-02 5.135069776027563482e-02
5.387976644693017647e+01 2.033986281894255288e-01 1.681996969162356248e-01 4.268924154359868273e-02 5.059460036611394124e-02
5.402026127469271444e+01 4.105990597810833531e-01 1.666046157349038992e-01 4.647610159869237229e-02 4.988980353439754351e-02
5.416075610245523819e+01 1.445297453188428838e-01 1.633059785267402253e-01 3.344726591710479174e-02 4.924648496831767613e-02
5.430125093021777616e+01 9.038940482503687868e-02 1.587450618855605622e-01 7.220778195640434327e-02 4.864573503585112313e-02
5.444174575798029991e+01 1.339370571181644765e-01 1.535707884827720859e-01 3.439574330501315308e-02 4.804273573541070763e-02
5.458224058574282367e+01 1.055511280572337951e-01 1.484376544790141639e-01 7.123256665207877703e-02 4.737130819939995574e-02
5.472273541350536163e+01 1.251024195724997901e-01 1.438031808596688110e-01 2.794819779150596942e-02 4.654894715075055811e-02
5.486323024126788539e+01 5.069114795394713546e-02 1.398006348726249515e-01 3.695720362736309994e-02 4.548372395301271409e-02
5.500372506903042336e+01 1.237417472551005926e-01 1.362293095711437363e-01 6.799946016728779241e-02 4.408570345358318876e-02
5.514421989679294711e+01 2.008259745870871193e-01 1.326568416320908494e-01 3.227543516768850707e-02 4.228446092523550220e-02
5.528471472455548508e+01 2.498882370200356251e-01 1.285872961911560530e-01 3.834662498917396078e-02 4.005091527305747190e-02
5.542520955231800883e+01 1.149231934149851364e-01 1.236306951302972024e-01 8.427784854438334639e-02 3.741764352529783344e-02
5.556570438008053259e+01 1.062854538940202764e-01 1.176182927135205614e-01 3.564684295520470503e-02 3.448956999776857379e-02
5.570619920784307055e+01 1.153684734405168999e-01 1.106356474439752213e-01 2.287248425444307967e-02 3.143826085954152388e-02
5.584669403560559431e+01 1.180888455643626933e-01 1.029783441941551636e-01 2.315877554115449571e-02 2.847798968123546257e-02
5.598718886336813227e+01 5.922259030835642230e-02 9.505956035940822668e-02 9.965105413150562516e-03 2.582827483262293070e-02
5.612768369113065603e+01 1.145844201145030522e-01 8.730716449781601718e-02 6.082409932687931654e-03 2.367279081458902035e-02
5.626817851889318689e+01 1.793710821811110231e-02 8.008133199302927552e-02 1.076616464911232633e-02 2.212613356202140780e-02
5.640867334665571775e+01 5.333680944452814238e-02 7.362835940166380377e-02 2.479955775178987326e-02 2.121736087607347873e-02
5.654916817441824151e+01 1.137643823506846175e-01 6.807074553536629491e-02 1.499073853875658446e-02 2.089384547205538206e-02
5.668966300218077947e+01 5.213933236764649315e-02 6.342367933468487373e-02 4.050608280706723303e-03 2.104300528289837144e-02
5.683015782994330323e+01 2.646590549651900437e-02 5.962558480757958884e-02 1.775048154849005397e-02 2.152491955537749746e-02
5.697065265770584119e+01 3.922486664156513841e-02 5.657325215107693317e-02 5.742882641359422363e-02 2.220676890581563950e-02
5.711114748546836495e+01 4.862116021392687976e-02 5.415645351461088192e-02 1.906130230619151530e-02 2.299054581480175150e-02
5.725164231323089581e+01 9.587330660297849194e-02 5.228948777029070183e-02 9.828498403959421217e-03 2.382804235616822752e-02
5.739213714099342667e+01 1.426519135367127801e-02 5.093669233816091463e-02 2.564008076739047320e-02 2.472092673670945803e-02
5.753263196875595042e+01 6.743899655447067876e-02 5.012689832997190009e-02 4.381364048723417060e-02 2.570781115718337451e-02
5.767312679651848839e+01 3.160331125320978152e-02 4.995071758853939642e-02 1.506793658527829857e-02 2.684351980302425097e-02
5.781362162428101215e+01 8.309141103716355392e-02 5.053665577195363273e-02 1.042429206129021763e-02 2.817728510771685957e-02
5.795411645204355011e+01 1.448924281574879951e-02 5.200772595202982768e-02 1.867256506380489400e-02 2.973580681039306173e-02
5.809461127980607387e+01 6.392082873609775118e-03 5.442765935908306513e-02 2.583828596125423149e-02 3.151438209151245090e-02
5.823510610756860473e+01 4.056962640129281594e-02 5.775174265175848226e-02 5.693013305061603302e-02 3.347599945632561552e-02
5.837560093533113559e+01 8.110360201543984071e-02 6.179868094802527106e-02 4.123856838053544666e-02 3.555609982498862676e-02
5.851609576309365934e+01 2.151719345364092734e-02 6.625531090200888207e-02 3.265183304392654112e-02 3.767068006268126795e-02
5.865659059085619731e+01 6.975980198754255790e-02 7.071657530370183131e-02 1.733498868509874072e-02 3.972706767783724946e-02
5.879708541861872106e+01 1.268031343186472593e-01 7.475219048953482548e-02 4.118098343727771143e-02 4.163818031192586394e-02
5.893758024638125903e+01 1.043158441222375860e-01 7.798297532812649424e-02 5.830587254369153094e-02 4.334044834749482128e-02
5.907807507414378279e+01 1.370341551222712118e-01 8.014698161385720721e-02 2.651241377871324523e-02 4.481239136968934861e-02
5.921856990190631365e+01 4.253298039705778050e-02 8.113916341660100395e-02 1.312574075607264301e-01 4.608690755357110203e-02
5.935906472966884451e+01 9.572262600762512785e-02 8.101660196515768353e-02 2.366245908920244778e-02 4.724878881108492829e-02
5.949955955743136826e+01 1.326215684833259578e-01 7.997100041866661568e-02 2.176056512471035570e-02 4.841217381108077478e-02
5.964005438519390623e+01 4.908645584335752377e-02 7.827811504990714320e-02 3.809464326533033157e-02 4.968034266655992071e-02
5.978054921295642998e+01 5.546482340245965925e-02 7.623815223294723442e-02 4.462919398885113048e-02 5.109929268043357509e-02
5.992104404071896795e+01 9.637091880192355520e-02 7.412161599733185779e-02 3.751170988920445037e-02 5.262239009387063848e-02
6.006153886848149170e+01 6.026908318558038546e-02 7.213222838952390581e-02 4.025961175265990732e-02 5.410255252977696355e-02
6.020203369624401546e+01 2.176412645061057138e-02 7.039320861350821523e-02 7.273359190119087214e-02 5.532024913292149515e-02
6.034252852400655343e+01 5.772795670180730365e-02 6.895641755224814207e-02 2.696341593975272108e-02 5.604281251585072066e-02
6.048302335176907718e+01 1.335131222915278137e-01 6.782723777735689963e-02 1.535329416955406034e-01 5.609810470920488512e-02
6.062351817953161515e+01 3.652809061805943613e-02 6.699374953191403192e-02 8.038232994494823314e-02 5.543865111498468695e-02
6.076401300729413890e+01 1.142322072737107092e-01 6.644872163332159187e-02 6.896587857453051473e-02 5.417415045429324616e-02
6.090450783505667687e+01 2.774478570717825096e-02 6.619749927788029509e-02 3.170165980978918718e-02 5.256050887761008067e-02
6.104500266281920062e+01 3.106479713233525203e-02 6.625202257491619173e-02 3.674722983874726540e-02 5.094839395943703136e-02
6.118549749058172438e+01 5.016633594598345069e-02 6.661737207028026186e-02 2.611228003287732746e-02 4.970787120156208022e-02
6.132599231834426234e+01 8.845081543000965496e-02 6.727934688616557524e-02 1.385974165270483470e-02 4.915259392293057361e-02
6.146648714610678610e+01 8.541660992577657097e-02 6.819903972649114798e-02 4.454977133264697436e-02 4.948482063823424898e-02
6.160698197386932407e+01 6.170483122642453355e-02 6.931538476274702598e-02 2.301965198057543543e-02 5.077278821961366678e-02
6.174747680163184782e+01 7.475887135477871093e-02 7.055263086475073442e-02 3.880121534248928694e-02 5.295940400992150965e-02
6.188797162939438579e+01 4.132954562483336092e-02 7.182889802572350879e-02 9.706349093760559266e-02 5.589142961805323301e-02
6.202846645715690954e+01 1.042221186938208227e-01 7.306413232478863040e-02 6.542398829175082031e-02 5.935511689193118806e-02
6.216896128491943330e+01 6.502606252849681134e-02 7.418855502742793817e-02 2.728391292778770821e-02 6.310791258229690726e-02
6.230945611268197126e+01 3.790536872936141333e-02 7.515357580245139724e-02 6.795081531898708449e-02 6.690319994202560683e-02
6.244995094044449502e+01 1.363915943359084726e-01 7.594517325582451905e-02 5.687248067826702891e-02 7.051129856829349563e-02
6.259044576820703298e+01 9.742122962161975375e-02 7.659613781846662250e-02 7.766452947927006412e-02 7.374140885943197832e-02
6.273094059596955674e+01 4.276165153690701659e-02 7.719077690934958436e-02 1.143128456413287641e-01 7.646540570679655202e-02
6.287143542373209470e+01 7.715149697898567027e-02 7.785586434846369919e-02 1.283655053255481071e-01 7.863835608355743134e-02
6.301193025149461846e+01 1.104074472002004731e-01 7.873542407701092372e-02 7.999018122908695128e-02 8.030689569999434341e-02
6.315242507925714222e+01 3.900691743408678941e-02 7.995316526123814882e-02 8.186969099578739195e-02 8.159829396167903037e-02
6.329291990701968018e+01 7.579936178536764158e-02 8.157249897924084836e-02 6.264293409448744299e-02 8.268983821285012803e-02
6.343341473478220394e+01 5.845302449097853487e-02 8.356726599239752695e-02 6.021080385177238203e-02 8.376645339749468067e-02
6.357390956254474190e+01 2.469220773423898979e-02 8.581471289241639211e-02 6.545252260860610904e-02 8.497961883226971824e-02
6.371440439030726566e+01 1.584692594556476319e-01 8.811584724875257124e-02 7.392467072727530730e-02 8.641989524253540500e-02
6.385489921806979652e+01 7.973228917807385907e-02 9.023918423681936973e-02 1.401841517654746905e-01 8.810938136979550028e-02
6.399539404583232738e+01 1.396257454506384665e-01 9.197561258505991544e-02 6.289375906495503488e-02 9.001254068820961629e-02
6.413588887359486534e+01 9.757503746744196349e-02 9.318811740344816463e-02 9.202873710951937902e-02 9.205790596940016668e-02
6.427638370135738910e+01 1.213097092867961579e-01 9.384208669910479306e-02 1.017136255481571744e-01 9.416133218020500406e-02
6.441687852911991286e+01 9.411388401229947576e-02 9.400890762700994663e-02 5.422972834079105992e-02 9.624346885660735318e-02
6.455737335688243661e+01 6.719522972824396034e-02 9.384436594695297340e-02 1.651809378219969426e-01 9.823812571597539955e-02
6.469786818464497458e+01 8.063477664785961840e-02 9.355033198275655715e-02 7.451307748687359400e-02 1.000922193093668061e-01
6.483836301240751254e+01 1.201319464777302892e-01 9.333102547649473058e-02 1.300574173695671354e-01 1.017607783831805252e-01
6.497885784017003630e+01 8.162454175000442846e-02 9.335376200497960686e-02 6.565094261159264144e-02 1.032015986702952276e-01
6.511935266793256005e+01 5.954308770123403066e-02 9.372032762011661688e-02 8.575601927387432877e-02 1.043735212101062487e-01
6.525984749569509802e+01 9.736456415458238922e-02 9.445135973384531647e-02 1.256582563456506985e-01 1.052401584747320734e-01
6.540034232345762177e+01 8.812123958000266100e-02 9.548384174194973761e-02 1.605022224487845650e-01 1.057778607426220069e-01
6.554083715122015974e+01 9.489809051130526640e-02 9.668110716596473031e-02 1.005584169220194585e-01 1.059840261939400119e-01
6.568133197898268349e+01 1.037563633006417380e-01 9.785455021716985002e-02 9.163435066824617004e-02 1.058809084594427713e-01
6.582182680674520725e+01 8.071295900441825821e-02 9.879533152118905037e-02 8.292147989091763760e-02 1.055116200137524579e-01
6.596232163450774522e+01 1.278323141389685058e-01 9.931227040085398305e-02 1.639316091985676960e-01 1.049285612338904522e-01
6.610281646227028318e+01 1.131204198183601434e-01 9.926949450982164302e-02 7.608204770323674648e-02 1.041783604463395185e-01
6.624331129003280694e+01 1.374307812682336594e-01 9.861576165174675002e-02 6.976503027329129802e-02 1.032896094858052061e-01
6.638380611779533069e+01 1.231043638699287901e-01 9.739809096202196870e-02 1.079561525817282902e-01 1.022689790202685606e-01
6.652430094555785445e+01 1.036107952625901080e-01 9.575580843065671643e-02 1.220935905154071494e-01 1.011078545017630448e-01
6.666479577332039241e+01 4.535157324608780904e-02 9.389622747519249524e-02 1.123784098915926455e-01 9.979695083495991603e-02
6.680529060108293038e+01 6.831220901682107105e-02 9.205788743337112168e-02 9.338007895428453164e-02 9.834259448786754343e-02
6.694578542884545413e+01 1.102516389162857685e-01 9.046971053700068877e-02 1.273934079017855492e-01 9.677730342578987066e-02
6.708628025660797789e+01 1.086544782832626760e-01 8.931403497274899295e-02 8.471901694530312166e-02 9.515952898970038432e-02
6.722677508437051586e+01 5.633188356502315253e-02 8.869912773882432377e-02 8.111684044601814858e-02 9.356199768466606781e-02
6.736726991213303961e+01 6.044710469693986149e-02 8.864403971268101923e-02 7.564543915396129692e-02 9.205293593539234931e-02
6.750776473989557758e+01 5.103821970145141357e-02 8.907665463075230272e-02 8.280712874030517201e-02 9.067737867911764005e-02
6.764825956765810133e+01 1.257213126237957113e-01 8.984459595456636971e-02 8.221311360095687193e-02 8.944549873174578725e-02
6.778875439542062509e+01 7.602578213435490229e-02 9.073766397992186206e-02 1.011486873619565907e-01 8.833173157021197153e-02
6.792924922318316305e+01 1.264179856082561504e-01 9.151912096495715132e-02 7.545052461059635618e-02 8.728402646184206526e-02
6.806974405094570102e+01 6.156075769277945947e-02 9.196148710586950215e-02 1.135322697260531533e-01 8.623890429126679358e-02
6.821023887870822477e+01 1.329062366903739911e-01 9.188118113073688586e-02 8.659780713894764392e-02 8.513662594953233520e-02
6.835073370647074853e+01 1.195448963663487685e-01 9.116604723481439021e-02 7.835043534868386950e-02 8.393190420488899628e-02
6.849122853423327228e+01 8.385606420463011246e-02 8.979090523197696960e-02 7.617393824433188465e-02 8.259826458990503217e-02
6.863172336199581025e+01 1.117483833897683354e-01 8.781858929773328493e-02 8.485578046387842743e-02 8.112688729961220480e-02
6.877221818975834822e+01 9.617801557544701507e-02 8.538694864279584851e-02 8.177783817441369729e-02 7.952236461237026377e-02
6.891271301752087197e+01 7.717308340962042434e-02 8.268519180931013790e-02 9.076893205063016334e-02 7.779794426055980372e-02
6.905320784528339573e+01 5.813706747172069089e-02 7.992494492495352820e-02 6.895643055088110374e-02 7.597195120547843572e-02
6.919370267304591948e+01 6.165866211096451832e-02 7.731184779062881540e-02 7.749766989741588286e-02 7.406596136803397790e-02
6.933419750080845745e+01 7.838954069499179389e-02 7.502231184494960459e-02 6.662296064743924995e-02 7.210450317900460315e-02
6.947469232857099541e+01 5.849830716108921774e-02 7.318774973008046469e-02 7.167779630222893827e-02 7.011569836708436698e-02
6.961518715633351917e+01 8.896075214103940643e-02 7.188617538745366298e-02 6.240510294698559113e-02 6.813211890626325040e-02
6.975568198409604292e+01 4.461385682028402855e-02 7.113955649072520315e-02 8.160809926712268847e-02 6.619102656999015233e-02
6.989617681185858089e+01 6.549975523772859354e-02 7.091510307287446357e-02 7.022516387037590346e-02 6.433307815242342298e-02
7.003667163962110465e+01 3.611041920083307710e-02 7.112946968041933271e-02 3.796446156195355109e-02 6.259870890666259513e-02
7.017716646738364261e+01 6.781970250056863769e-02 7.165584456717524753e-02 5.976393190497582275e-02 6.102192837319427715e-02
7.031766129514616637e+01 1.144011063999860189e-01 7.233438292799604374e-02 6.728573841507495823e-02 5.962217147981006132e-02
7.045815612290869012e+01 8.566700968050808274e-02 7.298614571928371819e-02 6.328784593591216256e-02 5.839590353990445348e-02
7.059865095067122809e+01 2.305796065585009533e-02 7.342982030012844274e-02 2.932242926803462282e-02 5.731048085531334491e-02
7.073914577843376605e+01 8.044870674798609844e-02 7.349943178149115353e-02 4.211769023064820816e-02 5.630290253620551244e-02
7.087964060619628981e+01 1.233046806849873306e-01 7.306042590601108389e-02 9.101641679541080943e-02 5.528528731528144224e-02
7.102013543395881356e+01 9.461485343705833273e-02 7.202129049846135722e-02 1.792858323666968526e-02 5.415721506969349563e-02
7.116063026172133732e+01 7.128282591403528601e-02 7.033857010527506948e-02 7.473984864183313981e-02 5.282292870798090123e-02
7.130112508948387529e+01 9.497230042088947166e-02 6.801474730533717261e-02 9.453820809889768029e-02 5.120955948344399489e-02
7.144161991724641325e+01 3.281922605903325046e-02 6.509057497081136012e-02 2.729513791719598639e-02 4.928180943222502247e-02
7.158211474500893701e+01 3.954284369904281088e-02 6.163515867995298519e-02 8.544158010966104722e-02 4.704932571526122820e-02
7.172260957277146076e+01 1.301164229477895506e-01 5.773748195957894430e-02 1.667843388033144261e-02 4.456512072938262348e-02
7.186310440053399873e+01 1.704634965898250282e-02 5.350177491625313780e-02 4.840350540474216978e-02 4.191602079761459071e-02
7.200359922829652248e+01 4.820481124390096211e-02 4.904668928100975461e-02 4.328799774187453570e-02 3.920823581706746330e-02
7.214409405605906045e+01 8.438928621041590084e-02 4.450588218098507076e-02 1.470786883746697145e-02 3.655198038679900729e-02
7.228458888382158420e+01 2.738302057909415207e-02 4.002655088073121120e-02 4.360831183751527618e-02 3.404850088013547382e-02
7.242508371158410796e+01 2.562496731579719245e-02 3.576323363558617935e-02 2.935483133359883395e-02 3.178133086245474304e-02
7.256557853934664593e+01 2.336808256709526840e-02 3.186637133201094402e-02 1.448426597391909085e-02 2.981186775016296184e-02
7.270607336710918389e+01 3.742366496168725905e-03 2.846761077162439715e-02 2.875040219583138018e-02 2.817811375231706397e-02
7.284656819487170765e+01 1.838932551219627995e-02 2.566546152446418094e-02 1.969664250266409469e-02 2.689499733709083129e-02
7.298706302263423140e+01 9.530901089415181465e-03 2.351503313765602315e-02 2.389463988181550133e-02 2.595505387919838994e-02
7.312755785039675516e+01 7.761002825584341694e-03 2.202425344630433435e-02 2.543290433201243761e-02 2.532908910411732842e-02
7.326805267815929312e+01 1.530398025961460240e-02 2.115687324311352896e-02 1.241856460236236137e-02 2.496734373964006742e-02
7.340854750592183109e+01 2.836970868049419961e-02 2.084059381097681102e-02 1.332179731798577293e-02 2.480219804179378471e-02
7.354904233368435484e+01 3.083179349197029059e-03 2.097754101906713561e-02 3.622907425050772567e-02 2.475331447287435621e-02
7.368953716144687860e+01 2.216426263083956516e-02 2.145435943322578434e-02 1.471514239112480318e-02 2.473529798474003588e-02
7.383003198920941657e+01 3.865188154508678031e-02 2.215023273025853306e-02 1.381748500908403822e-02 2.466677860984576448e-02
7.397052681697194032e+01 1.517923704409773061e-02 2.294259833330766774e-02 8.145055326742400847e-02 2.447887152947184064e-02
7.411102164473447829e+01 1.154026547912840282e-02 2.371152440955848900e-02 2.080586939586868273e-02 2.412081811628677408e-02
7.425151647249700204e+01 1.332329624277283839e-02 2.434412882601351760e-02 9.969554295781193204e-03 2.356148111376923232e-02
7.439201130025952580e+01 3.454113733126832481e-02 2.473992768299172404e-02 1.345200411045364107e-02 2.278693569465361710e-02
7.453250612802206376e+01 7.388789599158081256e-02 2.481696863819534901e-02 2.340904035620480078e-02 2.179591399776506511e-02
7.467300095578460173e+01 2.104241459809173820e-02 2.451767316096866919e-02 3.775906914136886727e-02 2.059554460535330603e-02
7.481349578354712548e+01 2.818249673950317530e-02 2.381301887422336214e-02 4.985638175577678834e-03 1.919932338354103998e-02
7.495399061130964924e+01 1.165243693185263538e-02 2.270413797011363102e-02 3.032841932275112673e-02 1.762783431230430242e-02
7.509448543907217299e+01 2.651416960723472147e-02 2.122121394232621625e-02 2.641857014151956576e-02 1.591115509439964409e-02
7.523498026683471096e+01 1.619394863202175405e-02 1.942017128081527377e-02 2.032297946290737706e-02 1.409092513997169289e-02
7.537547509459724893e+01 5.512214898086979092e-02 1.737775177454001577e-02 1.288607489912313442e-02 1.222014256896213243e-02
7.551596992235977268e+01 1.027059504091349523e-02 1.518528493796810451e-02 1.252770986348424650e-03 1.035976226515639143e-02
7.565646475012229644e+01 5.314620939030174733e-03 1.294121634495805882e-02 1.548304295190174951e-03 8.572540696506956298e-03
7.579695957788482019e+01 1.676367053847387057e-03 1.074260933623692044e-02 4.452960149069561981e-03 6.915671294837318593e-03
7.593745440564735816e+01 7.067865208289790578e-04 8.676371107145933181e-03 3.111067298630070266e-08 5.434152063318670005e-03
7.607794923340989612e+01 0.000000000000000000e+00 6.811511769624535237e-03 0.000000000000000000e+00 4.156471719455225554e-03
7.621844406117241988e+01 0.000000000000000000e+00 5.193894100252401114e-03 0.000000000000000000e+00 3.093359270272400333e-03
7.635893888893494363e+01 0.000000000000000000e+00 3.844484604315628797e-03 0.000000000000000000e+00 2.239416332511073512e-03
7.649943371669748160e+01 0.000000000000000000e+00 2.761242154715910346e-03 0.000000000000000000e+00 1.576778070703665829e-03
7.663992854446000536e+01 0.000000000000000000e+00 1.923871532915735370e-03 0.000000000000000000e+00 1.079680234380001914e-03
7.678042337222254332e+01 0.000000000000000000e+00 1.300093725788630796e-03 0.000000000000000000e+00 7.189113152969067765e-04
7.692091819998506708e+01 0.000000000000000000e+00 8.520011034595755591e-04 0.000000000000000000e+00 4.654525219307809178e-04
7.706141302774759083e+01 0.000000000000000000e+00 5.413943801514572432e-04 0.000000000000000000e+00 2.929878500411703520e-04
7.720190785551012880e+01 0.000000000000000000e+00 3.335233055105292130e-04 0.000000000000000000e+00 1.792823078149491844e-04
7.734240268327266676e+01 0.000000000000000000e+00 1.991552697592536853e-04 0.000000000000000000e+00 1.066253672240195880e-04
7.748289751103519052e+01 0.000000000000000000e+00 1.152411860538996393e-04 0.000000000000000000e+00 6.161989057699106655e-05
7.762339233879771427e+01 0.000000000000000000e+00 6.460366997352367190e-05 0.000000000000000000e+00 3.459391116882201239e-05
7.776388716656023803e+01 0.000000000000000000e+00 3.507642610230348698e-05 0.000000000000000000e+00 1.886064296812629040e-05
7.790438199432277599e+01 0.000000000000000000e+00 1.843977927558551526e-05 0.000000000000000000e+00 9.982294404753934438e-06
7.804487682208531396e+01 0.000000000000000000e+00 9.383317491184829830e-06 0.000000000000000000e+00 5.126741406001241789e-06
7.818537164984783772e+01 0.000000000000000000e+00 4.620668241263662683e-06 0.000000000000000000e+00 2.553842335392626403e-06
7.832586647761036147e+01 0.000000000000000000e+00 2.201408283370790243e-06 0.000000000000000000e+00 1.233336450826371476e-06
7.846636130537289944e+01 0.000000000000000000e+00 1.014512389447368426e-06 0.000000000000000000e+00 5.771527351713025915e-07
7.860685613313542319e+01 0.000000000000000000e+00 4.521705756820769598e-07 0.000000000000000000e+00 2.615817047564853147e-07
7.874735096089796116e+01 0.000000000000000000e+00 1.948835719019069631e-07 0.000000000000000000e+00 1.147679514232502737e-07
7.888784578866048491e+01 0.000000000000000000e+00 8.121321133489531912e-08 0.000000000000000000e+00 4.872223994926818076e-08
7.902834061642300867e+01 0.000000000000000000e+00 3.272018064009044576e-08 0.000000000000000000e+00 2.000480455501149611e-08
7.916883544418554663e+01 0.000000000000000000e+00 1.274405084825770980e-08 0.000000000000000000e+00 7.940745285931776661e-09
7.930933027194808460e+01 0.000000000000000000e+00 4.798122521930785990e-09 0.000000000000000000e+00 3.046077173966041005e-09
7.944982509971060836e+01 0.000000000000000000e+00 1.746137649507931766e-09 0.000000000000000000e+00 1.128806987485426964e-09
7.959031992747313211e+01 0.000000000000000000e+00 6.141869004761129287e-10 0.000000000000000000e+00 4.039778182379125546e-10
7.973081475523565587e+01 0.000000000000000000e+00 2.087892782179551060e-10 0.000000000000000000e+00 1.395812587435747153e-10
7.987130958299819383e+01 0.000000000000000000e+00 6.859148671156914302e-11 0.000000000000000000e+00 4.654930364418999370e-11
8.001180441076073180e+01 0.000000000000000000e+00 2.177475936871612987e-11 0.000000000000000000e+00 1.497997858530642258e-11
8.015229923852325555e+01 0.000000000000000000e+00 6.679136798525318644e-12 0.000000000000000000e+00 4.650782862189057372e-12
8.029279406628577931e+01 0.000000000000000000e+00 1.979366389068978062e-12 0.000000000000000000e+00 1.392776784864473132e-12
8.043328889404831727e+01 0.000000000000000000e+00 5.666470971819555516e-13 0.000000000000000000e+00 4.022042711832801435e-13
8.057378372181084103e+01 0.000000000000000000e+00 1.567334695041293792e-13 0.000000000000000000e+00 1.119832840721362891e-13
8.071427854957337900e+01 0.000000000000000000e+00 4.183474779972261169e-14 0.000000000000000000e+00 3.002367765860987406e-14
8.085477337733590275e+01 0.000000000000000000e+00 1.076025329620567200e-14 0.000000000000000000e+00 7.805177911029675619e-15
8.099526820509842651e+01 0.000000000000000000e+00 2.685026728376332529e-15 0.000000000000000000e+00 1.933616062137782259e-15
8.113576303286096447e+01 0.000000000000000000e+00 6.655948880876274598e-16 0.000000000000000000e+00 4.750248960159056070e-16
8.127625786062350244e+01 0.000000000000000000e+00 1.178748755281376086e-16 0.000000000000000000e+00 1.359482829590232305e-16
8.141675268838602619e+01 0.000000000000000000e+00 -4.792789748714376073e-17 0.000000000000000000e+00 2.354123452003132471e-17
8.155724751614854995e+01 0.000000000000000000e+00 -2.577004005995866706e-17 0.000000000000000000e+00 -2.067642653807992652e-17
8.169774234391107370e+01 0.000000000000000000e+00 -5.109329764145712733e-18 0.000000000000000000e+00 -2.081763349271991152e-17
8.183823717167361167e+01 0.000000000000000000e+00 -2.131762212358543902e-17 0.000000000000000000e+00 -8.228331660093483217e-18
8.197873199943614964e+01 0.000000000000000000e+00 -1.042053050211743737e-16 0.000000000000000000e+00 -3.835653053894597868e-17
8.211922682719867339e+01 0.000000000000000000e+00 -1.910707340596371450e-17 0.000000000000000000e+00 -6.339130031230339434e-17
8.225972165496119715e+01 0.000000000000000000e+00 -6.734985903680656670e-17 0.000000000000000000e+00 -5.313226535688678001e-17
8.240021648272373511e+01 0.000000000000000000e+00 -3.810022325766421962e-17 0.000000000000000000e+00 -4.992778593606736355e-17
8.254071131048625887e+01 0.000000000000000000e+00 2.612386942070188562e-17 0.000000000000000000e+00 -1.843645568598050276e-19
8.268120613824879683e+01 0.000000000000000000e+00 -5.656449339944852324e-18 0.000000000000000000e+00 -3.028996220676816998e-17
8.282170096601132059e+01 0.000000000000000000e+00 -6.436795967724800930e-17 0.000000000000000000e+00 2.369363406758759360e-17
8.296219579377384434e+01 0.000000000000000000e+00 -6.466787070731055571e-18 0.000000000000000000e+00 -4.829967345490160343e-18
8.310269062153638231e+01 0.000000000000000000e+00 1.021156698311302829e-16 0.000000000000000000e+00 -1.094851928586763815e-17
8.324318544929890606e+01 0.000000000000000000e+00 2.619962935607233710e-16 0.000000000000000000e+00 9.399711063331667856e-17
8.338368027706144403e+01 0.000000000000000000e+00 1.008712743379536991e-15 0.000000000000000000e+00 4.387190883916965409e-16
8.352417510482396779e+01 0.000000000000000000e+00 3.449104383424881013e-15 0.000000000000000000e+00 1.581280339653922449e-15
8.366466993258649154e+01 0.000000000000000000e+00 1.145378414792103258e-14 0.000000000000000000e+00 5.088500663824252944e-15
8.380516476034902951e+01 0.000000000000000000e+00 3.667695902479806312e-14 0.000000000000000000e+00 1.631809837604399996e-14
8.394565958811156747e+01 0.000000000000000000e+00 1.142250974062454705e-13 0.000000000000000000e+00 5.080842802059902538e-14
8.408615441587409123e+01 0.000000000000000000e+00 3.468081165429231297e-13 0.000000000000000000e+00 1.547214106517126100e-13
8.422664924363661498e+01 0.000000000000000000e+00 1.028002354351528819e-12 0.000000000000000000e+00 4.598714501392697374e-13
8.436714407139913874e+01 0.000000000000000000e+00 2.975071279451756904e-12 0.000000000000000000e+00 1.334781114328205196e-12
8.450763889916167670e+01 0.000000000000000000e+00 8.406774428600967484e-12 0.000000000000000000e+00 3.783190188663895493e-12
8.464813372692421467e+01 0.000000000000000000e+00 2.319489084339951596e-11 0.000000000000000000e+00 1.047131967949787099e-11
8.478862855468673843e+01 0.000000000000000000e+00 6.249127393497867393e-11 0.000000000000000000e+00 2.830542817496920231e-11
8.492912338244926218e+01 0.000000000000000000e+00 1.644102069934634386e-10 0.000000000000000000e+00 7.472686865436885484e-11
8.506961821021180015e+01 0.000000000000000000e+00 4.224215583123041677e-10 0.000000000000000000e+00 1.926854766496648177e-10
8.521011303797432390e+01 0.000000000000000000e+00 1.059986889209589197e-09 0.000000000000000000e+00 4.853029907152139112e-10
8.535060786573686187e+01 0.000000000000000000e+00 2.597927026374210687e-09 0.000000000000000000e+00 1.193993546750500604e-09
8.549110269349938562e+01 0.000000000000000000e+00 6.219675984335893882e-09 0.000000000000000000e+00 2.869829117746556539e-09
8.563159752126190938e+01 0.000000000000000000e+00 1.454704237453943181e-08 0.000000000000000000e+00 6.739443737206428427e-09
8.577209234902444734e+01 0.000000000000000000e+00 3.324387949085648719e-08 0.000000000000000000e+00 1.546558472918462536e-08
8.591258717678698531e+01 0.000000000000000000e+00 7.424340867127972142e-08 0.000000000000000000e+00 3.468626421605102807e-08
8.605308200454950907e+01 0.000000000000000000e+00 1.620732021752090196e-07 0.000000000000000000e+00 7.604835936110146031e-08
8.619357683231203282e+01 0.000000000000000000e+00 3.459329929689497102e-07 0.000000000000000000e+00 1.630334631692660748e-07
8.633407166007455658e+01 0.000000000000000000e+00 7.221819840337121455e-07 0.000000000000000000e+00 3.418663902627745654e-07
8.647456648783709454e+01 0.000000000000000000e+00 1.475199476884335517e-06 0.000000000000000000e+00 7.014468078732820044e-07
8.661506131559963251e+01 0.000000000000000000e+00 2.949923090893100131e-06 0.000000000000000000e+00 1.408923588908054456e-06
8.675555614336215626e+01 0.000000000000000000e+00 5.777811972319396424e-06 0.000000000000000000e+00 2.771788002701220644e-06
8.689605097112468002e+01 0.000000000000000000e+00 1.109105565073110997e-05 0.000000000000000000e+00 5.343983839350229835e-06
8.703654579888721798e+01 0.000000000000000000e+00 2.087962985939975546e-05 0.000000000000000000e+00 1.010360480907500572e-05
8.717704062664974174e+01 0.000000000000000000e+00 3.857486812281666846e-05 0.000000000000000000e+00 1.874465352779997683e-05
8.731753545441227971e+01 0.000000000000000000e+00 6.998423155497609344e-05 0.000000000000000000e+00 3.414658244692609946e-05
8.745803028217480346e+01 0.000000000000000000e+00 1.247564788925227877e-04 0.000000000000000000e+00 6.111403922867180902e-05
8.759852510993732722e+01 0.000000000000000000e+00 2.186225194735378025e-04 0.000000000000000000e+00 1.075149800875505062e-04
8.773901993769986518e+01 0.000000000000000000e+00 3.767254751589377043e-04 0.000000000000000000e+00 1.859841865065992679e-04
8.787951476546240315e+01 0.000000000000000000e+00 6.384018435606519156e-04 0.000000000000000000e+00 3.163910867184339883e-04
8.802000959322492690e+01 0.000000000000000000e+00 1.063764613033272395e-03 0.000000000000000000e+00 5.292764057764416013e-04
8.816050442098745066e+01 0.000000000000000000e+00 1.742310543886211194e-03 0.000000000000000000e+00 8.704117686372502818e-04
8.830099924874997441e+01 0.000000000000000000e+00 2.803458206741324139e-03 0.000000000000000000e+00 1.406492154471186348e-03
8.844149407651251238e+01 0.000000000000000000e+00 4.428361114735867091e-03 0.000000000000000000e+00 2.231696535732227270e-03
8.858198890427505034e+01 0.000000000000000000e+00 6.861517616449999690e-03 0.000000000000000000e+00 3.474429698631111528e-03
8.872248373203757410e+01 0.000000000000000000e+00 1.041969369005775470e-02 0.000000000000000000e+00 5.303014279970038464e-03
8.886297855980009786e+01 0.000000000000000000e+00 1.549469406235140165e-02 0.000000000000000000e+00 7.928530304864275791e-03
8.900347338756263582e+01 0.000000000000000000e+00 2.254590593436146817e-02 0.000000000000000000e+00 1.160257257527494423e-02
8.914396821532515958e+01 0.000000000000000000e+00 3.207872918545387475e-02 0.000000000000000000e+00 1.660764860085282152e-02
8.928446304308769754e+01 0.000000000000000000e+00 4.460639378498659768e-02 0.000000000000000000e+00 2.323851233676949013e-02
8.942495787085022130e+01 0.000000000000000000e+00 6.059543582192285227e-02 0.000000000000000000e+00 3.177407808524304600e-02
8.956545269861274505e+01 0.000000000000000000e+00 8.039905694425508731e-02 0.000000000000000000e+00 4.244165107619607413e-02
8.970594752637528302e+01 0.000000000000000000e+00 1.041870382446334620e-01 0.000000000000000000e+00 5.537774421258014057e-02
8.984644235413780677e+01 0.000000000000000000e+00 1.318846937114064310e-01 0.000000000000000000e+00 7.059214658321615044e-02
8.998693718190034474e+01 0.000000000000000000e+00 1.631352153208597000e-01 0.000000000000000000e+00 8.794341447849274296e-02
9.012743200966286850e+01 2.626308896380816216e-02 1.972985767646910360e-01 1.479479327419419218e-02 1.071338424069328138e-01
9.026792683742539225e+01 2.194577463871213163e-01 2.334954676479977231e-01 6.548723399946555779e-02 1.277297996108859024e-01
9.040842166518793022e+01 2.989495503450889657e-01 2.706970204301397676e-01 1.917059009189044649e-01 1.492091641704673399e-01
9.054891649295046818e+01 3.118139727175840425e-01 3.078518441231019587e-01 1.496405066200697798e-01 1.710321496895069460e-01
9.068941132071299194e+01 4.594504444381999342e-01 3.440332319567534491e-01 2.690671163134373822e-01 1.927263207781129140e-01
9.082990614847551569e+01 5.643903595042911725e-01 3.785835840181303036e-01 2.256605425326546344e-01 2.139724793270798009e-01
9.097040097623803945e+01 7.158496799620790441e-01 4.112317157281328850e-01 4.717515165953568013e-01 2.346766165282994643e-01
9.111089580400057741e+01 5.630851300153850714e-01 4.421623599984977337e-01 3.600564120541907553e-01 2.550148888116826607e-01
9.125139063176311538e+01 3.548565244281240982e-01 4.720251242829813787e-01 2.050965061751040264e-01 2.754433426685708453e-01
9.139188545952563913e+01 5.110124171015962835e-01 5.018807270139479249e-01 2.271642292329534851e-01 2.966707871946173691e-01
9.153238028728816289e+01 3.811079513231227511e-01 5.330932829765701042e-01 3.632501711427568725e-01 3.196001449214819767e-01
9.167287511505070086e+01 7.635956408466144651e-01 5.671865416305895691e-01 1.711541067986589726e-01 3.452490762883543840e-01
9.181336994281322461e+01 2.731388127327037951e-01 6.056875861108150794e-01 2.471395366822623230e-01 3.746633651682760302e-01
9.195386477057576258e+01 5.132037086413824278e-01 6.499825657072089147e-01 3.177163662577716097e-01 4.088359387957995472e-01
9.209435959833828633e+01 3.476659545477855939e-01 7.012053518748011527e-01 3.701587103703405379e-01 4.486408309144361839e-01
9.223485442610081009e+01 4.766040458764917442e-01 7.601721907086846919e-01 2.123566480015094959e-01 4.947859994130408001e-01
9.237534925386334805e+01 6.522731024258180410e-01 8.273649095589046265e-01 4.893298020879765509e-01 5.477832475819141012e-01
9.251584408162588602e+01 9.218791767113088120e-01 9.029541929738387207e-01 4.326246893920844827e-01 6.079291842600744733e-01
9.265633890938840977e+01 8.088494214486522393e-01 9.868454773287388404e-01 5.958767733872262218e-01 6.752894315699797811e-01
9.279683373715093353e+01 9.918014006332426247e-01 1.078725574746324911e+00 6.794275285815111198e-01 7.496796620411831924e-01
9.293732856491345729e+01 1.242333115479614669e+00 1.178089745141222444e+00 7.493736040941768595e-01 8.306411017785682027e-01
9.307782339267599525e+01 1.227968149313455104e+00 1.284236490557840282e+00 6.865987319017091695e-01 9.174135585000500193e-01
9.321831822043853322e+01 1.194521559616292361e+00 1.396228883100897988e+00 8.517880896654786982e-01 1.008913940458181058e+00
9.335881304820105697e+01 1.244869748769778406e+00 1.512833365058669610e+00 9.136634699895584966e-01 1.103730764140926857e+00
9.349930787596358073e+01 1.514706393149696684e+00 1.632455938690786645e+00 1.112822456462463361e+00 1.200144154103253369e+00
9.363980270372611869e+01 1.437313374668096833e+00 1.753098753269078269e+00 1.337577948507979286e+00 1.296176394185272418e+00
9.378029753148864245e+01 1.773334043035841079e+00 1.872356598410149342e+00 1.378850607954216656e+00 1.389671589420308440e+00
9.392079235925118041e+01 1.887329923071402460e+00 1.987464307651850337e+00 1.666992620780515910e+00 1.478396696034927071e+00
9.406128718701370417e+01 3.064529239219696333e+00 2.095395711920868820e+00 2.220373341458322436e+00 1.560152311507990053e+00
9.420178201477622792e+01 2.577403873758845165e+00 2.193005895521658921e+00 1.706763748742508024e+00 1.632881464710246977e+00
9.434227684253876589e+01 2.205694290747606701e+00 2.277203227172819311e+00 1.719837312248893690e+00 1.694767934048124536e+00
9.448277167030130386e+01 2.247109181491371732e+00 2.345136139354934812e+00 1.979936666363023345e+00 1.744320591815310184e+00
9.462326649806382761e+01 3.026884856959912717e+00 2.394380376998933802e+00 2.018507966562911538e+00 1.780444420879782275e+00
9.476376132582635137e+01 3.018138246393693880e+00 2.423113277879306970e+00 2.137238469377967576e+00 1.802500033868419838e+00
9.490425615358887512e+01 3.302628091196042170e+00 2.430261153972211652e+00 2.262365331091173104e+00 1.810350973645635575e+00
9.504475098135141309e+01 2.404062442026382751e+00 2.415604210673973462e+00 2.002063527012290844e+00 1.804392843907024924e+00
9.518524580911395105e+01 3.250578037849960911e+00 2.379822473882285294e+00 2.046779959170340835e+00 1.785552987360710997e+00
9.532574063687647481e+01 2.543696733227417628e+00 2.324468383340463795e+00 2.005088893255741134e+00 1.755247117253975198e+00
9.546623546463899856e+01 3.037620824245877760e+00 2.251858841653579191e+00 2.373026969046298618e+00 1.715282400974614152e+00
9.560673029240153653e+01 2.321441426051650048e+00 2.164891482894983010e+00 1.670845392412897645e+00 1.667705546845022369e+00
9.574722512016406029e+01 2.129964626845333608e+00 2.066804352699967762e+00 1.483469215905028893e+00 1.614607703359210555e+00
9.588771994792659825e+01 1.711202971360247904e+00 1.960911003183326340e+00 1.382790767079100647e+00 1.557911741096052349e+00
9.602821477568912201e+01 1.611183674421830858e+00 1.850349878385987523e+00 1.108267862097217726e+00 1.499177223712064411e+00
9.616870960345164576e+01 1.181845751953054524e+00 1.737884913785858743e+00 1.377144740405773282e+00 1.439460267445969555e+00
9.630920443121418373e+01 1.640466810128924147e+00 1.625783308152921602e+00 1.038386015306585586e+00 1.379257840475951902e+00
9.644969925897672169e+01 1.546394777210544191e+00 1.515779236475263581e+00 1.096178536830852979e+00 1.318550047123268953e+00
9.659019408673924545e+01 1.533606355128295462e+00 1.409113757515982446e+00 1.642537948127670511e+00 1.256933431828200831e+00
9.673068891450176920e+01 1.350311987831374516e+00 1.306626629718600441e+00 1.445660636860772730e+00 1.193818703127625280e+00
9.687118374226429296e+01 1.315329291256461364e+00 1.208869014226613858e+00 1.456061810636809506e+00 1.128652729666556498e+00
9.701167857002683093e+01 7.578167120342493845e-01 1.116208188685624103e+00 1.250168018134705683e+00 1.061120613518160560e+00
9.715217339778936889e+01 9.938195165430359079e-01 1.028904550854147892e+00 1.133995177162029799e+00 9.912897381341067016e-01
9.729266822555189265e+01 6.594255800281545454e-01 9.471534738602023218e-01 1.009796621287578189e+00 9.196717630751067851e-01
9.743316305331441640e+01 9.997970647870024763e-01 8.710956938366145597e-01 8.668485064850799393e-01 8.471965312976426077e-01
9.757365788107694016e+01 5.405141897311476207e-01 8.008067493669354109e-01 6.688620001885347000e-01 7.751091857056902068e-01
9.771415270883947812e+01 5.434542190261997252e-01 7.362775471384919168e-01 6.091990536159680447e-01 7.048147176143486625e-01
9.785464753660201609e+01 4.599907171881776335e-01 6.773955078864171142e-01 4.112313932280463047e-01 6.377006594946865725e-01
9.799514236436453984e+01 8.802020977539305457e-01 6.239313540883106857e-01 4.255698572577244487e-01 5.749685543763588536e-01
9.813563719212706360e+01 4.441121337532878410e-01 5.755329305198040313e-01 2.360569958449798555e-01 5.174995332907608159e-01
9.827613201988960157e+01 5.143689469501548928e-01 5.317260248192680061e-01 3.063448564046313272e-01 4.657709013132669273e-01
9.841662684765212532e+01 2.680719747903759775e-01 4.919230145671854570e-01 1.750659538623601241e-01 4.198311670752928326e-01
9.855712167541466329e+01 3.206706242052997369e-01 4.554420357645558304e-01 3.655558244801860868e-01 3.793320532908950327e-01
9.869761650317718704e+01 3.336545741561316447e-01 4.215403940578729136e-01 2.429539902648673033e-01 3.436086483261184266e-01
9.883811133093971080e+01 3.780984376036262695e-01 3.894646499603449663e-01 2.722880890859642466e-01 3.117934233973058689e-01
9.897860615870224876e+01 3.473920978183118735e-01 3.585158667321528547e-01 2.677825405534597913e-01 2.829464990778682298e-01
9.911910098646478673e+01 3.616904883002174942e-01 3.281229670638193818e-01 2.565722777156416723e-01 2.561834090588383517e-01
9.925959581422731048e+01 3.513384427696633616e-01 2.979120693606552850e-01 3.249089747443877907e-01 2.307828201988834649e-01
9.940009064198983424e+01 8.000846977989192199e-01 2.677572991569626693e-01 4.850760757530508394e-01 2.062602842800911329e-01
9.954058546975235799e+01 3.994334940512063725e-01 2.378003269951201037e-01 4.034970312169609552e-01 1.823998663331914405e-01
9.968108029751489596e+01 0.000000000000000000e+00 2.084317318168522060e-01 0.000000000000000000e+00 1.592426617147051915e-01
9.982157512527743393e+01 0.000000000000000000e+00 1.802356494043839130e-01 0.000000000000000000e+00 1.370385157752516125e-01
9.996206995303995768e+01 0.000000000000000000e+00 1.539074894414601824e-01 0.000000000000000000e+00 1.161731761918954609e-01
1.001025647808024814e+02 0.000000000000000000e+00 1.301602408431208058e-01 0.000000000000000000e+00 9.708630976827190007e-02
1.002430596085650194e+02 0.000000000000000000e+00 1.096364288918332264e-01 0.000000000000000000e+00 8.019562635260354955e-02
1.003835544363275432e+02 0.000000000000000000e+00 9.284001544965120312e-02 0.000000000000000000e+00 6.583901384635573728e-02
1.005240492640900811e+02 0.000000000000000000e+00 8.009672036524397021e-02 0.000000000000000000e+00 5.424119301837297680e-02
1.006645440918526049e+02 0.000000000000000000e+00 7.154445115108161446e-02 0.000000000000000000e+00 4.550551308841542519e-02
1.008050389196151286e+02 0.000000000000000000e+00 6.714977375788717950e-02 0.000000000000000000e+00 3.962663064189295148e-02
1.009455337473776666e+02 0.000000000000000000e+00 6.674291396905684959e-02 0.000000000000000000e+00 3.651692176085835628e-02
1.010860285751402046e+02 0.000000000000000000e+00 7.006288896528783949e-02 0.000000000000000000e+00 3.603880306084961821e-02
1.012265234029027283e+02 0.000000000000000000e+00 7.680539929001876931e-02 0.000000000000000000e+00 3.803624795372486517e-02
1.013670182306652521e+02 4.485913567129561769e-02 8.666800962673169850e-02 1.169725624753404757e-03 4.236087187799818243e-02
1.015075130584277758e+02 3.610243415375243015e-02 9.938894627753933064e-02 1.354562450696965292e-02 4.889019489885739617e-02
1.016480078861903138e+02 2.057523900022661389e-01 1.147770065017332530e-01 4.742381970749068310e-02 5.753748877457500605e-02
1.017885027139528518e+02 7.445594705430144677e-02 1.327305946109407220e-01 5.276442188654314330e-02 6.825374756238224150e-02
1.019289975417153755e+02 1.230289969478082224e-01 1.532441317816055359e-01 4.785571778926486081e-02 8.102285977318623988e-02
1.020694923694778993e+02 1.433551971775250400e-01 1.764005102842696182e-01 3.383398833685899443e-02 9.585124731969173195e-02
1.022099871972404372e+02 1.928047347402712663e-01 2.023492376851340757e-01 8.593441018270529808e-02 1.127533336594082752e-01
1.023504820250029610e+02 2.037977890650963797e-01 2.312715434880105725e-01 6.939064452591280074e-02 1.317343883931611226e-01
1.024909768527654990e+02 1.595168083895115163e-01 2.633358219426455982e-01 1.541739830313435811e-01 1.527726171078640782e-01
1.026314716805280227e+02 1.204158325833385862e-01 2.986489670134367946e-01 9.109197256124980380e-02 1.758027452600498808e-01
1.027719665082905465e+02 2.759069273561387536e-01 3.372109035017634149e-01 1.101659143134069568e-01 2.007036063687399619e-01
1.029124613360530844e+02 2.553154199588756890e-01 3.788803855297561696e-01 1.942758378832830646e-01 2.272921569020985300e-01
1.030529561638156224e+02 2.130141012519023991e-01 4.233594325072286280e-01 2.838734804208885021e-01 2.553256833744536047e-01
1.031934509915781462e+02 6.381093178543683075e-01 4.702012914461595194e-01 1.790543463939241742e-01 2.845126224984524388e-01
1.033339458193406699e+02 4.403001854596217401e-01 5.188425755739581868e-01 2.900087152780997379e-01 3.145304666054855591e-01
1.034744406471031937e+02 2.263897046452683082e-01 5.686547569683045866e-01 3.085097129484304368e-01 3.450470348096000839e-01
1.036149354748657316e+02 4.777565865507986675e-01 6.190045945854577569e-01 3.936417800899406627e-01 3.757395828109207914e-01
1.037554303026282696e+02 1.024178881444517408e+00 6.693089346991676347e-01 5.268692388164418761e-01 4.063055547090580477e-01
1.038959251303907934e+02 1.285590359753298717e+00 7.190682872737126363e-01 5.975913205729094235e-01 4.364598671899916349e-01
1.040364199581533171e+02 1.012933284950695567e+00 7.678668089492971527e-01 5.535992737941387576e-01 4.659166374146891387e-01
1.041769147859158551e+02 5.749287819787936016e-01 8.153338530873551759e-01 5.000991651274734329e-01 4.943577414880246379e-01
1.043174096136783788e+02 7.346507172144586262e-01 8.610726852680630206e-01 4.319798265804531412e-01 5.213953890752700548e-01
1.044579044414409168e+02 9.120229712438538971e-01 9.045726430598384216e-01 2.320240037469749050e-01 5.465395195800080153e-01
1.045983992692034406e+02 5.718032882368520031e-01 9.451287051099980241e-01 5.536760548441493901e-01 5.691818860785462508e-01
1.047388940969659643e+02 9.977543845844599746e-01 9.817943601746659255e-01 7.308424675544447080e-01 5.886064618990684005e-01
1.048793889247285023e+02 8.150099025479112802e-01 1.013388547310597243e+00 5.345160777824068399e-01 6.040305366105038765e-01
1.050198837524910260e+02 1.086812623571964620e+00 1.038566057666424403e+00 8.269675109721184025e-01 6.146738065643466697e-01
1.051603785802535640e+02 1.366728673183637222e+00 1.055945902196462560e+00 1.025973552819892554e+00 6.198457804109881453e-01
1.053008734080160878e+02 1.331863617760670415e+00 1.064277707884688340e+00 7.826237227668699781e-01 6.190368186815975449e-01
1.054413682357786115e+02 2.083623400088590039e+00 1.062616144727319689e+00 8.715414193690742550e-01 6.119964523125287492e-01
1.055818630635411495e+02 1.833379034861439161e+00 1.050470414246721607e+00 9.492779897744589857e-01 5.987846676749124519e-01
1.057223578913036874e+02 8.580104575510143494e-01 1.027900618445509728e+00 5.461664682196223364e-01 5.797869790105297794e-01
1.058628527190662112e+02 1.476712995567287967e+00 9.955438794667056390e-01 8.450471376878080365e-01 5.556909476355686994e-01
1.060033475468287349e+02 8.961889139421748141e-01 9.545672954004940092e-01 5.637988028416911490e-01 5.274286617013786982e-01
1.061438423745912587e+02 8.964325306224877332e-01 9.065585221732574972e-01 4.099225003487108054e-01 4.960950540666019259e-01
1.062843372023537967e+02 1.082928209188665614e+00 8.533748256011353117e-01 3.298969442408988817e-01 4.628548512462997699e-01
1.064248320301163346e+02 5.742320761060729639e-01 7.969760600648656546e-01 3.821346622065395771e-01 4.288511644119545885e-01
1.065653268578788584e+02 6.264591112705192311e-01 7.392660439671713268e-01 3.502659931489014999e-01 3.951266564189313546e-01
1.067058216856413821e+02 4.185543683169085094e-01 6.819614432716710750e-01 3.044281255137550324e-01 3.625646804769753206e-01
1.068463165134039201e+02 6.102999466204501733e-01 6.264995446907302146e-01 2.856404862051327154e-01 3.318537588189535148e-01
1.069868113411664439e+02 4.641196763410350146e-01 5.739882841378906031e-01 1.460286035479427813e-01 3.034750964996245637e-01
1.071273061689289818e+02 3.678583545659144249e-01 5.251952208422947521e-01 1.853014337762662334e-01 2.777100487653036409e-01
1.072678009966915056e+02 3.654799163476884494e-01 4.805677159484947891e-01 2.031453860787638677e-01 2.546627796822277245e-01
1.074082958244540293e+02 3.430600520167598755e-01 4.402745677665103607e-01 2.000884880824259637e-01 2.342926898303934191e-01
1.075487906522165673e+02 3.517703307347747055e-01 4.042594148950719446e-01 1.525900518447555476e-01 2.164513292292538915e-01
1.076892854799791053e+02 3.356993807528395601e-01 3.722976918836690130e-01 1.887775606383612637e-01 2.009191995800470587e-01
1.078297803077416290e+02 2.931119343511737751e-01 3.440510957512373236e-01 1.761341486688944025e-01 1.874388825046597595e-01
1.079702751355041528e+02 2.120321529274508676e-01 3.191157840659737954e-01 1.803093324525995300e-01 1.757421537346670615e-01
1.081107699632666765e+02 1.774557109501968266e-01 2.970624582590339902e-01 2.091801013325721159e-01 1.655700215649275331e-01
1.082512647910292145e+02 3.118053257792761102e-01 2.774678871669982172e-01 1.007705689153393092e-01 1.566858116941846624e-01
1.083917596187917525e+02 3.565865344858691888e-01 2.599382785312024380e-01 5.707446952257134304e-02 1.488823453505795091e-01
1.085322544465542762e+02 2.289686600384591708e-01 2.441253146508693961e-01 1.285635847623674277e-01 1.419847813540860704e-01
1.086727492743168000e+02 1.439957681581778004e-01 2.297357848557833870e-01 1.287117935255980006e-01 1.358507512348234858e-01
1.088132441020793379e+02 1.595713948820003947e-01 2.165357131850964012e-01 1.988589329623110247e-01 1.303690629393922107e-01
1.089537389298418617e+02 2.806500988906591720e-01 2.043497953610725060e-01 6.339094925884605769e-02 1.254576513976689012e-01
1.090942337576043997e+02 1.035807016950104492e-01 1.930568849742001769e-01 1.701618196209580269e-01 1.210608470871029213e-01
1.092347285853669234e+02 2.346560219578088524e-01 1.825822397762943972e-01 1.049572309464447406e-01 1.171456372684013675e-01
1.093752234131294472e+02 2.365910060440171436e-01 1.728872775492387992e-01 6.715477737082047038e-02 1.136965405499436449e-01
1.095157182408919851e+02 1.026167884174541273e-01 1.639577055279095863e-01 1.911010114696197748e-01 1.107090044120103978e-01
1.096562130686545231e+02 9.044812263236712280e-02 1.557910593514190700e-01 5.582467573462583654e-02 1.081817420598197022e-01
1.097967078964170469e+02 1.448045219184339039e-01 1.483848613194513333e-01 7.519461836702338864e-02 1.061089471931341288e-01
1.099372027241795706e+02 1.161616303157702312e-01 1.417266961786132207e-01 7.758342152730719754e-02 1.044736557702426599e-01
1.100776975519420944e+02 1.141311920067818036e-01 1.357874131302261866e-01 2.760155417747095150e-02 1.032435203031151078e-01
1.102181923797046323e+02 6.259352109891706817e-02 1.305183346722879334e-01 1.286869845736034745e-01 1.023698925438959045e-01
1.103586872074671703e+02 1.605288711632197329e-01 1.258527902946324217e-01 8.249278511823990301e-02 1.017904609188861609e-01
1.104991820352296941e+02 9.204062420572728387e-02 1.217115770678477427e-01 1.424612973543043504e-01 1.014349351273424182e-01
1.106396768629922178e+02 1.033883852075225679e-01 1.180112241989473565e-01 6.879291561800472687e-02 1.012326202101888895e-01
1.107801716907547558e+02 1.164496683741283456e-01 1.146733762098721965e-01 1.469325027821164753e-01 1.011203524414353294e-01
1.109206665185172795e+02 1.413406463691177228e-01 1.116333610299305307e-01 1.676794034420137636e-01 1.010492711777002950e-01
1.110611613462798175e+02 1.564498201680375733e-01 1.088461617801899928e-01 6.668560687855729086e-02 1.009892567086574794e-01
1.112016561740423413e+02 1.580849551398504083e-01 1.062885565626554008e-01 8.399783370018018558e-02 1.009304582065683881e-01
1.113421510018048650e+02 6.580783355536252988e-02 1.039570204227761724e-01 1.127981180538827483e-01 1.008819946119472177e-01
1.114826458295674030e+02 7.677154692909585187e-02 1.018619093113834750e-01 6.948643433689785653e-02 1.008684594861524730e-01
1.116231406573299267e+02 7.889243170460193133e-02 1.000192447930045303e-01 9.974540853415404806e-02 1.009251727409848226e-01
1.117636354850924647e+02 3.590236798773730614e-02 9.844189373106973506e-02 1.122908567545348318e-01 1.010931520504204928e-01
1.119041303128549885e+02 1.075129304808025432e-01 9.713197534060959148e-02 7.845045002166230186e-02 1.014145619551845290e-01
1.120446251406175122e+02 5.143563082751480969e-02 9.607593317964827073e-02 1.267781631475936588e-01 1.019290377501926720e-01
1.121851199683800502e+02 6.916164076376093983e-02 9.524300477308163260e-02 8.038780714397938953e-02 1.026708985117597006e-01
1.123256147961425881e+02 1.251151378881797394e-01 9.458701113580370023e-02 5.686132505561068695e-02 1.036669726584505957e-01
1.124661096239051119e+02 1.076929697995088614e-01 9.405069531167227492e-02 1.452004128170676367e-01 1.049346355773961847e-01
1.126066044516676357e+02 1.732676463372337106e-01 9.357143581242970132e-02 8.900377541625094369e-02 1.064797251558279451e-01
1.127470992794301594e+02 1.097142496855154220e-01 9.308711961718373062e-02 1.428844372394974249e-01 1.082942276407544702e-01
1.128875941071926974e+02 4.302443548809960910e-02 9.254123637516259437e-02 1.023815822077029092e-01 1.103539402688358678e-01
1.130280889349552353e+02 8.233066562218155360e-02 9.188671466026999968e-02 7.565790620941191535e-02 1.126166206321292940e-01
1.131685837627177591e+02 6.330560161631440530e-02 9.108848708395948790e-02 6.888134532161049872e-02 1.150213257541380235e-01
1.133090785904802829e+02 8.672001061903164554e-02 9.012509046911319766e-02 1.122293769141058661e-01 1.174896490585888575e-01
1.134495734182428208e+02 1.434674172587371843e-01 8.898969753599139665e-02 1.358707045035712491e-01 1.199293480362547681e-01
1.135900682460053446e+02 4.731213789072449133e-02 8.769084557330403262e-02 8.316885291000840341e-02 1.222404439238157087e-01
1.137305630737678825e+02 1.276436049909555337e-01 8.625286077619345737e-02 1.365472404941610596e-01 1.243233475462423437e-01
1.138710579015304063e+02 1.059921967278428800e-01 8.471569954536145586e-02 1.582242340857559770e-01 1.260880422291017211e-01
1.140115527292929301e+02 1.104800603205416815e-01 8.313375860143924767e-02 1.769367729760436270e-01 1.274629652305636074e-01
1.141520475570554680e+02 6.771197720341169679e-02 8.157321764287374377e-02 2.332524842422499245e-01 1.284020805772985718e-01
1.142925423848180060e+02 7.358351089990612659e-02 8.010768052060568412e-02 9.737332096085864197e-02 1.288887851045250055e-01
1.144330372125805297e+02 6.201796243408225912e-02 7.881222140870695891e-02 9.799009822560542093e-02 1.289357272407144206e-01
1.145735320403430535e+02 6.680375673546601334e-02 7.775632851104223586e-02 1.244600535606358027e-01 1.285802723439109230e-01
1.147140268681055773e+02 7.095164405930942664e-02 7.699656502309130957e-02 2.253338695900412858e-01 1.278760995401563572e-01
1.148545216958681152e+02 3.701637450364612947e-02 7.656994708150210993e-02 1.351287393137746151e-01 1.268821216604198998e-01
1.149950165236306532e+02 6.880510497125205682e-02 7.648901955237266681e-02 8.265617370291905575e-02 1.256504472135918093e-01
1.151355113513931769e+02 5.698038608022026885e-02 7.673938762405806135e-02 7.711395441776343340e-02 1.242153482878886883e-01
1.152760061791557007e+02 5.524395711129330422e-02 7.728007651806960421e-02 1.063773691988727371e-01 1.225851077019926710e-01
1.154165010069182387e+02 7.104646711233610079e-02 7.804662160777386948e-02 6.609532461263242786e-02 1.207381988316273552e-01
1.155569958346807624e+02 4.464224252621613875e-02 7.895633619226094524e-02 1.207953799285367835e-01 1.186245677562213774e-01
1.156974906624433004e+02 8.938147358869497072e-02 7.991486348539918183e-02 1.422407568315642856e-01 1.161719546846139289e-01
1.158379854902058241e+02 6.367118798288579073e-02 8.082296994897504583e-02 1.519578103867001428e-01 1.132963558196479481e-01
1.159784803179683479e+02 2.179972096783972246e-01 8.158261375864996057e-02 1.379652003877487598e-01 1.099150386219035075e-01
1.161189751457308859e+02 1.063244472851824635e-01 8.210160625442883275e-02 6.392780163341318933e-02 1.059601092996465682e-01
1.162594699734934238e+02 1.159368206960502828e-01 8.229660466447483169e-02 2.089497649674784130e-01 1.013905668958279688e-01
1.163999648012559476e+02 2.668390837400577351e-02 8.209462336556287709e-02 2.249450192495269507e-01 9.620107089468299399e-02
1.165404596290184713e+02 3.849887085081579036e-02 8.143361108521278424e-02 1.090249829537611320e-01 9.042623501830331090e-02
1.166809544567809951e+02 7.588583386411588971e-02 8.026281788857485278e-02 3.873727549627325323e-02 8.414001755386700532e-02
1.168214492845435331e+02 1.264161935642113370e-02 7.854362342396260799e-02 1.080408996962388055e-02 7.745055700573422186e-02
1.169619441123060710e+02 1.348977781445341584e-01 7.625123504178792089e-02 1.510157703265776474e-01 7.049145471784863670e-02
1.171024389400685948e+02 2.563979202948324931e-01 7.337726797484710184e-02 1.301138185255356836e-02 6.341092417116964142e-02
1.172429337678311185e+02 2.962441044164924875e-02 6.993280316439895450e-02 1.093088745312906403e-02 5.636035957747535796e-02
1.173834285955936565e+02 7.026017121395670972e-02 6.595119884953409839e-02 8.944983056806327104e-02 4.948373821239294285e-02
1.175239234233561803e+02 6.921186819077741748e-02 6.148979821060510109e-02 1.800261753741153742e-02 4.290892922779021568e-02
1.176644182511187182e+02 3.371662614382121143e-02 5.662976384455870038e-02 1.651024712991325943e-02 3.674153470296180612e-02
1.178049130788812420e+02 1.304059446001541445e-01 5.147355839941665512e-02 1.519388775576127441e-02 3.106143807346486985e-02
1.179454079066437657e+02 5.133460282529696272e-02 4.614000771838528553e-02 8.313932049851539136e-03 2.592186210332794033e-02
1.180859027344063037e+02 3.386426817221108165e-02 4.075732931090886302e-02 2.936819389853231529e-03 2.135048985335121288e-02
1.182263975621688417e+02 0.000000000000000000e+00 3.545488515256819267e-02 9.825566574975955290e-04 1.735208690069139914e-02
1.183668923899313654e+02 9.173546332802571196e-07 3.035464711919571429e-02 2.709640090289796069e-04 1.391206066587155794e-02
1.185073872176938892e+02 0.000000000000000000e+00 2.556340749189206160e-02 0.000000000000000000e+00 1.100046563353291110e-02
1.186478820454564129e+02 0.000000000000000000e+00 2.116663006293537097e-02 0.000000000000000000e+00 8.576071283026381192e-03
1.187883768732189509e+02 0.000000000000000000e+00 1.722455988414433800e-02 0.000000000000000000e+00 6.590220318281508720e-03
1.189288717009814889e+02 0.000000000000000000e+00 1.377085523497917352e-02 0.000000000000000000e+00 4.990298997897347003e-03
1.190693665287440126e+02 0.000000000000000000e+00 1.081364460633236525e-02 0.000000000000000000e+00 3.722712593932942307e-03
1.192098613565065364e+02 0.000000000000000000e+00 8.338607041640556938e-03 0.000000000000000000e+00 2.735309922582323475e-03
1.193503561842690601e+02 0.000000000000000000e+00 6.313469604918406537e-03 0.000000000000000000e+00 1.979238185405532424e-03
1.194908510120315981e+02 0.000000000000000000e+00 4.693230040479964491e-03 0.000000000000000000e+00 1.410239423840558334e-03
1.196313458397941361e+02 0.000000000000000000e+00 3.425440573561363417e-03 0.000000000000000000e+00 9.894263546551286797e-04
1.197718406675566598e+02 0.000000000000000000e+00 2.455005827473182977e-03 0.000000000000000000e+00 6.835986709932504336e-04
1.199123354953191836e+02 0.000000000000000000e+00 1.728118433915180321e-03 0.000000000000000000e+00 4.651793510482599321e-04
1.200528303230817215e+02 0.000000000000000000e+00 1.195142232199001946e-03 0.000000000000000000e+00 3.118618274392081623e-04
1.201933251508442453e+02 0.000000000000000000e+00 8.124224528301925412e-04 0.000000000000000000e+00 2.060615556195946900e-04
1.203338199786067833e+02 0.000000000000000000e+00 5.431327253338006072e-04 0.000000000000000000e+00 1.342596391849019911e-04
1.204743148063693070e+02 0.000000000000000000e+00 3.573500079019575025e-04 0.000000000000000000e+00 8.631333205147205089e-05
1.206148096341318308e+02 0.000000000000000000e+00 2.315814941416587070e-04 0.000000000000000000e+00 5.479108136794649017e-05
1.207553044618943687e+02 0.000000000000000000e+00 1.479610495003562355e-04 0.000000000000000000e+00 3.437123864514996039e-05
1.208957992896569067e+02 0.000000000000000000e+00 9.329968567626603930e-05 0.000000000000000000e+00 2.132622296433786866e-05
1.210362941174194304e+02 0.000000000000000000e+00 5.812838436239433244e-05 0.000000000000000000e+00 1.309955563715330346e-05
1.211767889451819542e+02 0.000000000000000000e+00 3.582346845833080096e-05 0.000000000000000000e+00 7.972666635560036278e-06
1.213172837729444780e+02 0.000000000000000000e+00 2.186241675802920497e-05 0.000000000000000000e+00 4.811749357086412846e-06
1.214577786007070159e+02 0.000000000000000000e+00 1.322554686982673923e-05 0.000000000000000000e+00 2.881686756743340977e-06
1.215982734284695539e+02 0.000000000000000000e+00 7.937274888015784219e-06 0.000000000000000000e+00 1.713366414170992140e-06
1.217387682562320776e+02 0.000000000000000000e+00 4.728529681733418841e-06 0.000000000000000000e+00 1.011664955375762472e-06
1.218792630839946014e+02 0.000000000000000000e+00 2.797122951282755910e-06 0.000000000000000000e+00 5.932392960816699879e-07
1.220197579117571394e+02 0.000000000000000000e+00 1.642988023703490137e-06 0.000000000000000000e+00 3.454265600440071786e-07
1.221602527395196631e+02 0.000000000000000000e+00 9.580330126663664084e-07 0.000000000000000000e+00 1.996421798070026957e-07
1.223007475672822011e+02 0.000000000000000000e+00 5.542840299874070736e-07 0.000000000000000000e+00 1.144687476586654719e-07
1.224412423950447248e+02 0.000000000000000000e+00 3.179762822288987477e-07 0.000000000000000000e+00 6.506939203150771096e-08
1.225817372228072486e+02 0.000000000000000000e+00 1.807269435710419316e-07 0.000000000000000000e+00 3.664462034803317840e-08
1.227222320505697866e+02 0.000000000000000000e+00 1.016835231702340109e-07 0.000000000000000000e+00 2.042993091046833240e-08
1.228627268783323245e+02 0.000000000000000000e+00 5.658657096061966610e-08 0.000000000000000000e+00 1.126765655208431904e-08
1.230032217060948483e+02 0.000000000000000000e+00 3.112193689207294332e-08 0.000000000000000000e+00 6.143508602741651246e-09
1.231437165338573720e+02 0.000000000000000000e+00 1.690429658846035957e-08 0.000000000000000000e+00 3.309395226360362102e-09
1.232842113616198958e+02 0.000000000000000000e+00 9.062110722223021995e-09 0.000000000000000000e+00 1.760330516019967026e-09
1.234247061893824338e+02 0.000000000000000000e+00 4.792118542840230410e-09 0.000000000000000000e+00 9.241645760995864415e-10
1.235652010171449717e+02 0.000000000000000000e+00 2.498585809481876709e-09 0.000000000000000000e+00 4.786752508347258242e-10
1.237056958449074955e+02 0.000000000000000000e+00 1.284006978051584942e-09 0.000000000000000000e+00 2.445257996879164259e-10
1.238461906726700192e+02 0.000000000000000000e+00 6.501533808991452594e-10 0.000000000000000000e+00 1.231632359439570642e-10
1.239866855004325572e+02 0.000000000000000000e+00 3.242911006308080520e-10 0.000000000000000000e+00 6.115229440976735822e-11
1.241271803281950810e+02 0.000000000000000000e+00 1.593099594111241183e-10 0.000000000000000000e+00 2.992541175292466792e-11
1.242676751559576189e+02 0.000000000000000000e+00 7.706809839243632453e-11 0.000000000000000000e+00 1.443117825528385093e-11
1.244081699837201427e+02 0.000000000000000000e+00 3.670963228289701279e-11 0.000000000000000000e+00 6.857138600390444194e-12
1.245486648114826664e+02 0.000000000000000000e+00 1.721555485747786224e-11 0.000000000000000000e+00 3.210114871097854955e-12
1.246891596392452044e+02 0.000000000000000000e+00 7.948178253022376559e-12 0.000000000000000000e+00 1.480508078470872689e-12
1.248296544670077424e+02 0.000000000000000000e+00 3.612453193552339424e-12 0.000000000000000000e+00 6.726469174286274440e-13
1.249701492947702661e+02 0.000000000000000000e+00 1.616160142108385085e-12 0.000000000000000000e+00 3.010234251442371674e-13
1.251106441225327899e+02 0.000000000000000000e+00 7.117473995105472604e-13 0.000000000000000000e+00 1.326756235566976341e-13
1.252511389502953136e+02 0.000000000000000000e+00 3.085939740120959561e-13 0.000000000000000000e+00 5.763795482875001366e-14
1.253916337780578516e+02 0.000000000000000000e+00 1.316645969611681419e-13 0.000000000000000000e+00 2.463651375776162234e-14
1.255321286058203896e+02 0.000000000000000000e+00 5.530524840472805066e-14 0.000000000000000000e+00 1.039248455922929510e-14
1.256726234335829133e+02 0.000000000000000000e+00 2.288634388099351622e-14 0.000000000000000000e+00 4.282830120502199301e-15
1.258131182613454371e+02 0.000000000000000000e+00 9.339215282452488474e-15 0.000000000000000000e+00 1.757232728780036925e-15
1.259536130891079750e+02 0.000000000000000000e+00 3.701725257335474349e-15 0.000000000000000000e+00 6.848668068246369572e-16
1.260941079168704988e+02 0.000000000000000000e+00 1.427456159163270057e-15 0.000000000000000000e+00 2.465731629487995881e-16
1.262346027446330368e+02 0.000000000000000000e+00 5.229981575668988115e-16 0.000000000000000000e+00 7.531801559082363321e-17
1.263750975723955605e+02 0.000000000000000000e+00 2.145839603244329066e-16 0.000000000000000000e+00 -1.763986401712867885e-17
1.265155924001580843e+02 0.000000000000000000e+00 9.532764064463138907e-17 0.000000000000000000e+00 -1.417784157633067647e-18
1.266560872279206222e+02 0.000000000000000000e+00 3.940124992986926075e-17 0.000000000000000000e+00 -5.828945915330028821e-18
1.267965820556831460e+02 0.000000000000000000e+00 3.309481574437220788e-17 0.000000000000000000e+00 -4.254239081138156335e-17
1.269370768834456840e+02 0.000000000000000000e+00 3.941393754950358142e-17 0.000000000000000000e+00 -1.350674862199209213e-17
1.270775717112082077e+02 0.000000000000000000e+00 5.938309219482734776e-18 0.000000000000000000e+00 -8.110761331395040347e-18
1.272180665389707315e+02 0.000000000000000000e+00 -2.878984169829833663e-17 0.000000000000000000e+00 2.864518853756687533e-18
1.273585613667332694e+02 0.000000000000000000e+00 -4.224128683397881345e-17 0.000000000000000000e+00 -5.762335774761235661e-17
1.274990561944958074e+02 0.000000000000000000e+00 4.622344421868268013e-17 0.000000000000000000e+00 -1.175707399715505249e-17
1.276395510222583312e+02 0.000000000000000000e+00 -2.527641050802699026e-17 0.000000000000000000e+00 -3.006118623701820692e-17
1.277800458500208549e+02 0.000000000000000000e+00 -1.467861277549448471e-17 0.000000000000000000e+00 9.406995759486967062e-18
1.279205406777833787e+02 0.000000000000000000e+00 -5.203533150926518829e-17 0.000000000000000000e+00 -4.089315697883038602e-17
1.280610355055459308e+02 0.000000000000000000e+00 3.207056815582249556e-17 0.000000000000000000e+00 4.685628909802725190e-17
1.282015303333084262e+02 0.000000000000000000e+00 -2.588055514822929642e-17 0.000000000000000000e+00 -1.323035454062870472e-17
1.283420251610709784e+02 0.000000000000000000e+00 2.719587733154154828e-17 0.000000000000000000e+00 -2.172609811472550949e-17
1.284825199888335305e+02 0.000000000000000000e+00 -1.657265197959312669e-16 0.000000000000000000e+00 -3.055269397324922040e-17
1.286230148165960259e+02 0.000000000000000000e+00 1.487988006986189560e-17 0.000000000000000000e+00 6.881141699825293638e-18
1.287635096443585780e+02 0.000000000000000000e+00 7.083793508242488149e-17 0.000000000000000000e+00 -3.052693190153075824e-17
1.289040044721210734e+02 0.000000000000000000e+00 -6.042252261766842098e-17 0.000000000000000000e+00 -3.387759887697032829e-18
1.290444992998836256e+02 0.000000000000000000e+00 -4.861160128448818297e-17 0.000000000000000000e+00 -4.011910751140688514e-17
1.291849941276461777e+02 0.000000000000000000e+00 -4.404452396377385626e-17 0.000000000000000000e+00 -7.728334550578214486e-18
1.293254889554086731e+02 0.000000000000000000e+00 -5.333800248511896825e-17 0.000000000000000000e+00 -3.148929793127156164e-17
1.294659837831712252e+02 0.000000000000000000e+00 -1.990196448347727185e-17 0.000000000000000000e+00 6.961702256543833629e-18
1.296064786109337206e+02 0.000000000000000000e+00 -8.253275966583163336e-17 0.000000000000000000e+00 -4.326081255547414816e-17
1.297469734386962728e+02 0.000000000000000000e+00 -4.852726878650870002e-17 0.000000000000000000e+00 -3.759170537927902838e-17
1.298874682664588249e+02 0.000000000000000000e+00 -1.438304825338273531e-17 0.000000000000000000e+00 -9.169946573950590407e-18
1.300279630942213203e+02 0.000000000000000000e+00 3.703116054621141545e-17 0.000000000000000000e+00 5.852167786469588442e-18
1.301684579219838724e+02 0.000000000000000000e+00 -3.659397278026665638e-17 0.000000000000000000e+00 4.590572919140523990e-18
1.303089527497463962e+02 0.000000000000000000e+00 -2.967866005205847509e-17 0.000000000000000000e+00 -4.718560864874152248e-17
1.304494475775089199e+02 0.000000000000000000e+00 6.188038995218903676e-17 0.000000000000000000e+00 -4.009736967962871796e-18
1.305899424052714721e+02 0.000000000000000000e+00 4.540575177287985591e-17 0.000000000000000000e+00 2.635941595446686151e-18
1.307304372330339675e+02 0.000000000000000000e+00 4.340624260097690705e-18 0.000000000000000000e+00 1.607606172182796372e-17
1.308709320607965196e+02 0.000000000000000000e+00 2.642836161410061621e-17 0.000000000000000000e+00 5.327112781275092670e-18
1.310114268885590434e+02 0.000000000000000000e+00 5.919226940844163015e-17 0.000000000000000000e+00 9.634753794325576189e-19
1.311519217163215671e+02 0.000000000000000000e+00 6.437260054306895461e-17 0.000000000000000000e+00 -2.367618587620492820e-17
1.312924165440841193e+02 0.000000000000000000e+00 9.139524213272923684e-17 0.000000000000000000e+00 1.020603174905669853e-17
1.314329113718466147e+02 0.000000000000000000e+00 3.795137031641697067e-17 0.000000000000000000e+00 1.026970840422475479e-17
1.315734061996091668e+02 0.000000000000000000e+00 -8.502051017547916213e-18 0.000000000000000000e+00 -2.566441339188510197e-19
1.317139010273716906e+02 0.000000000000000000e+00 3.837708159108123407e-17 0.000000000000000000e+00 -5.650524726274864167e-18
1.318543958551342143e+02 0.000000000000000000e+00 1.460545199211121236e-17 0.000000000000000000e+00 9.991329295570544023e-18
1.319948906828967665e+02 0.000000000000000000e+00 6.282286454289249660e-18 0.000000000000000000e+00 1.714099119310111666e-19
1.321353855106592619e+02 0.000000000000000000e+00 -1.360187731476325312e-17 0.000000000000000000e+00 5.002303058433528439e-19
1.322758803384218140e+02 0.000000000000000000e+00 8.711483936526660299e-18 0.000000000000000000e+00 -2.207932859053681885e-17
1.324163751661843662e+02 0.000000000000000000e+00 3.724563582600848068e-17 0.000000000000000000e+00 1.962498704739225500e-17
1.325568699939468615e+02 0.000000000000000000e+00 1.816617754575100420e-17 0.000000000000000000e+00 -9.431776690929447863e-18
1.326973648217094137e+02 0.000000000000000000e+00 9.267093634829656939e-17 0.000000000000000000e+00 1.377266866589757613e-17
1.328378596494719091e+02 0.000000000000000000e+00 4.097736335027267540e-17 0.000000000000000000e+00 3.302259228306021891e-17
1.329783544772344612e+02 0.000000000000000000e+00 3.808923572535889865e-17 0.000000000000000000e+00 3.876187416500825477e-17
1.331188493049970134e+02 0.000000000000000000e+00 5.125224798692794651e-17 0.000000000000000000e+00 1.662191024248143078e-17
1.332593441327595087e+02 0.000000000000000000e+00 8.394385894277879807e-19 0.000000000000000000e+00 9.453013057613051338e-18
1.333998389605220609e+02 0.000000000000000000e+00 2.847204261259556454e-17 0.000000000000000000e+00 1.113172552922236936e-18
1.335403337882845562e+02 0.000000000000000000e+00 4.132753167027493986e-17 0.000000000000000000e+00 3.417742336889353750e-18
1.336808286160471084e+02 0.000000000000000000e+00 2.065295541148379017e-17 0.000000000000000000e+00 9.032748160798668403e-18
1.338213234438096606e+02 0.000000000000000000e+00 5.246324431808476530e-17 0.000000000000000000e+00 2.873543096678691355e-17
1.339618182715721559e+02 0.000000000000000000e+00 5.165498528010384392e-17 0.000000000000000000e+00 5.460538694423480869e-17
1.341023130993347081e+02 0.000000000000000000e+00 7.880659371791437900e-17 0.000000000000000000e+00 4.189134611589260999e-17
1.342428079270972319e+02 0.000000000000000000e+00 2.690925728561089635e-17 0.000000000000000000e+00 4.064206065750964639e-17
1.343833027548597556e+02 0.000000000000000000e+00 -1.546977768299560030e-17 0.000000000000000000e+00 1.068021365792911655e-17
1.345237975826223078e+02 0.000000000000000000e+00 4.171826580675404612e-19 0.000000000000000000e+00 -1.305676250477293236e-17
1.346642924103848031e+02 0.000000000000000000e+00 3.234176456320442739e-17 0.000000000000000000e+00 2.867112983466989584e-17
1.348047872381473553e+02 0.000000000000000000e+00 3.540946845462367012e-17 0.000000000000000000e+00 2.788848919462860678e-19
1.349452820659098791e+02 0.000000000000000000e+00 2.900725690235891316e-17 0.000000000000000000e+00 2.519506976800485636e-17
1.350857768936724028e+02 0.000000000000000000e+00 3.313927566537719400e-17 0.000000000000000000e+00 1.957469552426262451e-17
1.352262717214349550e+02 0.000000000000000000e+00 2.863173325985718169e-17 0.000000000000000000e+00 1.742119894781349836e-17
1.353667665491974503e+02 0.000000000000000000e+00 -2.067920140259226907e-18 0.000000000000000000e+00 -6.997088648618118681e-18
1.355072613769600025e+02 0.000000000000000000e+00 -4.501543916582740259e-17 0.000000000000000000e+00 -2.107937128485303447e-17
1.356477562047225263e+02 0.000000000000000000e+00 1.245896412431367532e-17 0.000000000000000000e+00 -2.380887128327366483e-17
1.357882510324850500e+02 0.000000000000000000e+00 3.332208801342324073e-17 0.000000000000000000e+00 -3.041211609948398834e-17
1.359287458602476022e+02 0.000000000000000000e+00 -1.260389750288753914e-17 0.000000000000000000e+00 -7.538563879544232284e-18
1.360692406880100975e+02 0.000000000000000000e+00 2.587431632212364017e-17 0.000000000000000000e+00 3.567230932520198355e-17
1.362097355157726497e+02 0.000000000000000000e+00 1.379490075524414362e-17 0.000000000000000000e+00 4.498128758568901313e-17
1.363502303435352019e+02 0.000000000000000000e+00 6.269713158013849789e-17 0.000000000000000000e+00 1.839657642998736777e-17
1.364907251712976972e+02 0.000000000000000000e+00 1.892387979505824361e-17 0.000000000000000000e+00 1.631080425090040552e-17
1.366312199990602494e+02 0.000000000000000000e+00 -2.191842984822046516e-17 0.000000000000000000e+00 -2.130516724489106781e-18
1.367717148268227447e+02 0.000000000000000000e+00 4.410157703927709022e-18 0.000000000000000000e+00 3.466876495492499567e-18
1.369122096545852969e+02 0.000000000000000000e+00 5.247939792030734158e-17 0.000000000000000000e+00 -7.643646516243748762e-18
1.370527044823478491e+02 0.000000000000000000e+00 2.460952323308404549e-17 0.000000000000000000e+00 2.601389113591231195e-17
1.371931993101103444e+02 0.000000000000000000e+00 -2.717950937409471503e-17 0.000000000000000000e+00 6.500552216924968637e-18
1.373336941378728966e+02 0.000000000000000000e+00 9.131983580735946218e-18 0.000000000000000000e+00 7.555037856818642826e-18
1.374741889656353919e+02 0.000000000000000000e+00 -1.288030079072172558e-17 0.000000000000000000e+00 5.842049421260991692e-19
1.376146837933979441e+02 0.000000000000000000e+00 -2.803144281864663330e-17 0.000000000000000000e+00 2.454636859349839660e-17
1.377551786211604963e+02 0.000000000000000000e+00 -9.568164149947768926e-18 0.000000000000000000e+00 -2.024472396733398064e-17
1.378956734489229916e+02 0.000000000000000000e+00 1.786936240916581185e-17 0.000000000000000000e+00 -3.320770525531068581e-17
1.380361682766855438e+02 0.000000000000000000e+00 2.286867689148637960e-17 0.000000000000000000e+00 -3.022513295933116230e-17
1.381766631044480391e+02 0.000000000000000000e+00 4.285395072915550530e-17 0.000000000000000000e+00 -8.408564266903145451e-18
1.383171579322105913e+02 0.000000000000000000e+00 5.390285790000773918e-18 0.000000000000000000e+00 3.184092728841153950e-17
1.384576527599731435e+02 0.000000000000000000e+00 -3.923412259696961942e-17 0.000000000000000000e+00 2.006909582123621736e-17
1.385981475877356388e+02 0.000000000000000000e+00 4.642470890964718085e-17 0.000000000000000000e+00 8.791039803138426226e-18
1.387386424154981910e+02 0.000000000000000000e+00 1.734755882049159337e-17 0.000000000000000000e+00 2.560062768627421899e-17
1.388791372432607147e+02 0.000000000000000000e+00 -2.032746183797883765e-17 0.000000000000000000e+00 1.985896386425996244e-17
1.390196320710232385e+02 0.000000000000000000e+00 2.608210121026375485e-18 0.000000000000000000e+00 -5.979186164610750082e-17
1.391601268987857907e+02 0.000000000000000000e+00 3.468539506660912191e-17 0.000000000000000000e+00 2.655354312101638922e-17
1.393006217265482860e+02 0.000000000000000000e+00 3.301924346760765201e-17 0.000000000000000000e+00 2.337586602609610134e-17
1.394411165543108382e+02 0.000000000000000000e+00 -2.849658604937293716e-17 0.000000000000000000e+00 -7.450065242157782974e-17
1.395816113820733619e+02 0.000000000000000000e+00 -1.859662040855382803e-17 0.000000000000000000e+00 -3.502616679097367246e-17
1.397221062098358857e+02 0.000000000000000000e+00 -1.593908563365882510e-17 0.000000000000000000e+00 -2.172677864640320041e-17
1.398626010375984379e+02 0.000000000000000000e+00 1.380116125808311818e-17 0.000000000000000000e+00 6.914400751578413902e-17
1.400030958653609332e+02 0.000000000000000000e+00 -1.430025349942648085e-17 0.000000000000000000e+00 -3.271169720445266586e-17
1.401435906931234854e+02 0.000000000000000000e+00 -3.616046948635110683e-17 0.000000000000000000e+00 -6.146916960138220468e-17
1.402840855208860091e+02 0.000000000000000000e+00 8.192491683080270658e-18 0.000000000000000000e+00 1.412206682746141101e-17
1.404245803486485329e+02 0.000000000000000000e+00 7.020516699880044667e-17 0.000000000000000000e+00 3.205967309644926721e-18
